Component,CumulativeVariance
1,0.15806693684738238
2,0.24370298241830401
3,0.2852910895775999
4,0.3214772099732239
5,0.3496898135421886
6,0.3742776500070858
7,0.3976166714299686
8,0.41654763150522506
9,0.43068508078023454
10,0.44451514894134986
11,0.4572991898997443
12,0.46887461996625934
13,0.4800137985562013
14,0.4899583416788131
15,0.49925692563956386
16,0.508230679338736
17,0.5170712687636265
18,0.5256569168070642
19,0.5338195576379691
20,0.5418210593552931
21,0.5494219381455703
22,0.5568604539214173
23,0.5640813837464097
24,0.5707837532115818
25,0.5774022585485709
26,0.5838091945278647
27,0.5900967235790174
28,0.5961202549230881
29,0.6020292406469421
30,0.6078214386498708
31,0.613492336231409
32,0.6191387789542242
33,0.6246331637666964
34,0.6299907511455015
35,0.6352802254568598
36,0.6403965124543202
37,0.6453692401275479
38,0.6503031818104509
39,0.6550410193044366
40,0.6596860492689594
41,0.6643161576739578
42,0.6687408044407878
43,0.6730999798713939
44,0.6773931650448318
45,0.6815871973649392
46,0.6857511514924082
47,0.6898549634898739
48,0.6938180709094977
49,0.6977376090397466
50,0.7016196648065782
51,0.7054496943080861
52,0.7091474635372953
53,0.7127637838849821
54,0.7163165776383386
55,0.719809145591693
56,0.7232911065100207
57,0.7267368689850691
58,0.7301373032688431
59,0.7335066006018399
60,0.7368137546191275
61,0.7400865051896137
62,0.7433361519619485
63,0.7465214879885272
64,0.7496796477924733
65,0.7527868944884961
66,0.755882853070691
67,0.7589162026865427
68,0.7618684936537575
69,0.7647561923426371
70,0.7676265971245685
71,0.7704653012740584
72,0.773235393820935
73,0.7759864995148333
74,0.7786840724390385
75,0.7813485231693345
76,0.7839915950009319
77,0.7866186521516343
78,0.7892030086670261
79,0.7917686913996114
80,0.7942988680399296
81,0.7968082232320152
82,0.7992767851960273
83,0.8017078603567023
84,0.8041128344419977
85,0.8064583506387664
86,0.8087801473218917
87,0.8110860240673679
88,0.8133566763491975
89,0.8155919426386213
90,0.8178081416785142
91,0.8199877704857205
92,0.8221438039208308
93,0.8242851854519727
94,0.8263858041744737
95,0.8284700782629616
96,0.8305526747635873
97,0.8325872731143458
98,0.8346166497954634
99,0.8365986239604692
100,0.8385720637516565
101,0.8405355420519712
102,0.842472945708603
103,0.8443808425073658
104,0.846272658656604
105,0.8481332418207107
106,0.8499587051250053
107,0.8517616974596699
108,0.8535434241909947
109,0.8552961981987867
110,0.8570360616523948
111,0.858772519709773
112,0.8604987188791221
113,0.8621900600727773
114,0.8638691925594669
115,0.8655328510650105
116,0.8671764054578104
117,0.8687943878325541
118,0.8703988883530976
119,0.8719838964486699
120,0.873538575659783
121,0.875078390982422
122,0.8766065880831287
123,0.8781268009858391
124,0.8796216250566475
125,0.8811023134433726
126,0.8825678834662293
127,0.8840208897609028
128,0.8854702571746331
129,0.8868947248038822
130,0.8883047395079859
131,0.8896892582514764
132,0.8910482987776831
133,0.8923925511821305
134,0.8937224896666626
135,0.8950386366809083
136,0.8963355795450879
137,0.8976145967948277
138,0.8988845862508257
139,0.9001506243632689
140,0.9014014608802583
141,0.902641845773994
142,0.9038775367273254
143,0.9050861009905116
144,0.906285079150676
145,0.9074796606734176
146,0.908661061942989
147,0.9098333799376535
148,0.9109986659302075
149,0.9121332440325126
150,0.9132646226143669
151,0.9143917271012774
152,0.9155095533339321
153,0.9166085594957688
154,0.9176958947835433
155,0.9187784740478204
156,0.9198365274054614
157,0.9208756017332218
158,0.9219044444799195
159,0.922925326580324
160,0.923937159391216
161,0.9249456283095546
162,0.9259461079160474
163,0.9269426946511777
164,0.9279255127847128
165,0.9288989684750977
166,0.9298642431408697
167,0.9308201105932854
168,0.9317662829643849
169,0.9326890917094024
170,0.9336112117844342
171,0.9345296513195743
172,0.9354373578572807
173,0.9363417873766396
174,0.9372357747588855
175,0.938113715822878
176,0.9389825755199875
177,0.9398410681917592
178,0.9406855454286118
179,0.9415172400417311
180,0.9423338614495226
181,0.9431354631744624
182,0.9439327644558975
183,0.9447268784287773
184,0.9455100817266631
185,0.9462899007580172
186,0.9470498041356982
187,0.9478060800758623
188,0.9485580048405146
189,0.9493014265182559
190,0.9500398199259008
191,0.9507657417844312
192,0.9514896996689637
193,0.9521942313223319
194,0.952893577494508
195,0.9535743679269978
196,0.9542507148478875
197,0.9549200231499165
198,0.9555815014481392
199,0.9562335196448314
200,0.956885345635556
201,0.9575248918274444
202,0.9581608824347742
203,0.9587906955586909
204,0.9594164199293365
205,0.9600353538729579
206,0.9606417138141714
207,0.961244305058034
208,0.961832925860725
209,0.9624189704081452
210,0.9629959275699155
211,0.963562321872733
212,0.9641242981684917
213,0.9646830436995097
214,0.9652243577199803
215,0.9657633844892286
216,0.966298103089674
217,0.9668290293032336
218,0.9673498915711976
219,0.9678686090585847
220,0.9683821576308729
221,0.9688867596715134
222,0.9693829921680502
223,0.9698702017058649
224,0.9703536347277067
225,0.9708320472975462
226,0.9713048577443452
227,0.9717694443338392
228,0.9722287487047369
229,0.9726795511643366
230,0.9731254252226993
231,0.9735659233653137
232,0.9740041779698687
233,0.9744345431687661
234,0.9748614313732741
235,0.9752832393291985
236,0.9756982307899273
237,0.9761070371452364
238,0.9765130843967346
239,0.9769152242897267
240,0.9773134052468828
241,0.9777103236591745
242,0.9781013205470745
243,0.9784849544807007
244,0.9788559450909456
245,0.9792254700399035
246,0.9795844383740111
247,0.9799394948276688
248,0.9802917071265976
249,0.9806389964940002
250,0.9809814797056707
251,0.981318687143519
252,0.9816536339929979
253,0.9819862022797826
254,0.9823144418177806
255,0.9826385058756844
256,0.9829525136732509
257,0.9832625797255345
258,0.9835704813580431
259,0.9838734438107696
260,0.9841744989270765
261,0.9844677545599645
262,0.9847595506236535
263,0.9850476405514514
264,0.9853345432313616
265,0.9856134852612368
266,0.9858913852117588
267,0.9861647859524532
268,0.9864325519225561
269,0.9866979853668361
270,0.9869604300772583
271,0.9872197373209247
272,0.9874769405834298
273,0.9877303930661765
274,0.9879807348772565
275,0.9882257061404164
276,0.9884687536302189
277,0.9887064289270219
278,0.9889426217167457
279,0.9891769264693047
280,0.9894052258709033
281,0.9896270940332901
282,0.9898442050979003
283,0.9900593055209462
284,0.9902734813917349
285,0.9904834092973515
286,0.9906913118594977
287,0.9908965860329815
288,0.9910983556173422
289,0.9912937265565676
290,0.9914876057313503
291,0.9916791795747807
292,0.9918657145043346
293,0.9920493810798819
294,0.9922297503957018
295,0.9924077509391912
296,0.992581127260455
297,0.9927538529973156
298,0.992924594189202
299,0.9930908511840145
300,0.9932530610920826
301,0.9934130502998096
302,0.9935717060146814
303,0.9937261205026873
304,0.9938773553674094
305,0.9940280562649605
306,0.9941746865430158
307,0.9943171547282412
308,0.9944568576147023
309,0.9945941132659868
310,0.9947297267833707
311,0.9948627347330279
312,0.9949928254097372
313,0.9951209396155903
314,0.9952480338855566
315,0.9953734773997029
316,0.9954983547613604
317,0.9956185408177516
318,0.9957368213073475
319,0.9958510170113198
320,0.995963654783618
321,0.9960738247438948
322,0.9961822919647251
323,0.9962893385960739
324,0.9963948180736784
325,0.9964982646516009
326,0.9965991620709339
327,0.9966986123388892
328,0.996795985578983
329,0.9968917843939381
330,0.9969856821488133
331,0.997076889361453
332,0.9971666356465161
333,0.9972549393138511
334,0.9973414380613163
335,0.9974255722731277
336,0.9975070411049838
337,0.997587560167168
338,0.9976668009201196
339,0.9977425921043707
340,0.9978169787149869
341,0.997890494285714
342,0.9979631028161181
343,0.9980339509780626
344,0.9981033548003351
345,0.9981699420534768
346,0.998234391267084
347,0.9982982607394101
348,0.998360129108121
349,0.9984212345244681
350,0.9984814466613429
351,0.998539531208354
352,0.9985956429135363
353,0.9986497594725389
354,0.9987024790535569
355,0.9987538390207396
356,0.9988036173027252
357,0.9988525177290792
358,0.9989005354160668
359,0.9989478748372538
360,0.9989950855158256
361,0.9990413523672136
362,0.9990855008212821
363,0.9991288115692604
364,0.9991709058408361
365,0.9992108926099893
366,0.999248780119119
367,0.999286072697353
368,0.999321053667252
369,0.9993543854182573
370,0.9993871666500537
371,0.9994192299154449
372,0.9994503216836911
373,0.9994807194527949
374,0.9995100863086278
375,0.9995392532866364
376,0.9995670436871787
377,0.999592809441484
378,0.9996182755156824
379,0.9996423520067693
380,0.9996654562990888
381,0.9996876499996328
382,0.9997087068365911
383,0.9997291445724178
384,0.9997484608088428
385,0.9997665379517146
386,0.9997838562908905
387,0.9998007761933072
388,0.9998166651184692
389,0.9998320971679797
390,0.9998467041715051
391,0.9998605619493599
392,0.9998743388005636
393,0.9998871350471369
394,0.9998986454731256
395,0.9999093176666456
396,0.9999196994749825
397,0.9999296855693395
398,0.9999389308492114
399,0.9999471598835686
400,0.9999550058978867
401,0.9999623691348049
402,0.9999693153451908
403,0.9999757585540416
404,0.9999816460581453
405,0.9999868404048736
406,0.9999910306193157
407,0.9999950176182957
408,0.9999982522652274
409,0.9999999999999993
