PC,Gene,Loading
PC1,FOXA1,0.11449649573042525
PC1,MLPH,0.1143221758682991
PC1,TBC1D9,0.11403776416006725
PC1,GATA3,0.11088282784293801
PC1,CA12,0.11061223386337453
PC1,ESR1,0.1075799598188312
PC1,AGR2,0.10716223668636626
PC1,XBP1,0.10679141022439845
PC1,SLC39A6,0.10396841686209057
PC1,MAGED2,0.10308746647177552
PC2,SNRPG,0.13132921696441968
PC2,CCNB1,0.12429770410038309
PC2,RACGAP1,0.12359184143251854
PC2,KLHL29,-0.11734386888603622
PC2,NUSAP1,0.11669716827641996
PC2,MTHFD2,0.11610176833456654
PC2,CENPU,0.11405373369864796
PC2,NME1,0.11176466808530165
PC2,RRM2,0.10986125992222791
PC2,DHFR,0.10953051956991063
PC3,ESPL1,0.1358468949401337
PC3,SPARCL1,-0.12201305250101879
PC3,BIRC5,0.12200493564234051
PC3,ASPN,-0.1193001285774684
PC3,PDLIM1,-0.11728398262399956
PC3,TK1,0.11533389970851694
PC3,ANXA2P2,-0.11239098874414655
PC3,ANXA3,-0.10999111752011999
PC3,UBE2C,0.10877932142576757
PC3,GSN,-0.10818898619369283
PC4,ZNF3,0.13524152740973186
PC4,RASAL2,0.12530865352321743
PC4,AKAP9,0.12168154567178548
PC4,KANK1,0.1207861043461197
PC4,POLR1G,0.12010549653126516
PC4,NFX1,0.1163667117365942
PC4,TNKS,0.1154948667620176
PC4,CNN1,0.11236360836052135
PC4,NCOR1,0.11189145633285173
PC4,PDP1,0.10742720726883809
PC5,GALR2,0.1621439834312835
PC5,PCSK7,0.14215450934761836
PC5,DUSP10,0.13517433622570213
PC5,LRRC37A4P,0.13063371946641822
PC5,STARD3,0.13043133270743054
PC5,SPATA31C2,0.12906253321304156
PC5,H4C13,0.12839815413600816
PC5,ZNF225,0.12537041923665276
PC5,PDZK1IP1,0.11644151824413816
PC5,AP3M2,-0.11606877975348429
PC6,STK17A,0.18073520662233733
PC6,SNX10,0.1768217058830604
PC6,PIM2,0.15823493908444297
PC6,LYZ,0.1457585402475054
PC6,SYNE1,0.1436389041758614
PC6,RAPGEF6,0.1387247246654381
PC6,GALT,0.13749945980688166
PC6,SLAMF7,0.12251577746108203
PC6,GRB2,0.12123586035574106
PC6,SDC1,-0.11800815856100179
PC7,F2RL1,0.160874654122565
PC7,EAF2,0.14652600315936698
PC7,DIO2,0.1341575949078629
PC7,CHN1,0.12582186065975254
PC7,MAB21L4,0.12477110028110593
PC7,SPTLC2,0.1225790794040289
PC7,PDP1,0.11828027049609802
PC7,PITPNC1,0.11789749315316954
PC7,CLCA2,0.11624706543114126
PC7,ARL4A,0.1161548127425599
PC8,IGFBP4,0.16866888043737568
PC8,TIMP2,0.1423490561047225
PC8,SPARCL1,0.14111678568533978
PC8,MMP1,0.13530714170871408
PC8,FCGRT,0.1333541116048842
PC8,CTSB,0.13295381313429785
PC8,ASPN,0.13227459827238067
PC8,IFT56,-0.1281611825614161
PC8,MMP3,0.1265152016552526
PC8,B4GALT7,0.12040471384597606
PC9,OCRL,0.15285567795162017
PC9,GPR143,0.1482486820050894
PC9,ADM,0.14463747872588437
PC9,RPL13A,-0.14308448083044098
PC9,SNX10,0.14241312067381395
PC9,ARHGEF11,0.1360518181075311
PC9,CTSB,0.1229012139606531
PC9,IFNGR2,0.11628362087539297
PC9,TFG,0.11623303809602165
PC9,SDF2,0.1143094966374489
PC10,NIN,0.23034038456744602
PC10,CREB3,-0.1797689031940618
PC10,POFUT2,0.16577805392722084
PC10,PEX6,-0.16058672221250067
PC10,CREM,-0.15580786804108562
PC10,SZRD1,-0.1399256542898259
PC10,PIGO,-0.1280144819617708
PC10,NFKBIE,-0.12791563998226407
PC10,EAF2,-0.12696605852302797
PC10,UBE2Z,-0.11354017005674603
PC11,PRSS23,0.13490330067998738
PC11,ME3,0.13249904208858682
PC11,BLTP2,-0.12471642442229071
PC11,ERBB2,-0.12274120591761661
PC11,MED1,-0.11849109775946151
PC11,PMAIP1,0.11509084130186757
PC11,SPC25,0.11293295747046647
PC11,EAF2,-0.10782626307935055
PC11,UPK1A,-0.10724964084076018
PC11,GAK,-0.105764779651399
PC12,JPT1,0.14128473914342451
PC12,TP53I3,0.1400561522586566
PC12,MTRR,-0.1400150082273878
PC12,HEATR6,0.1307095981914259
PC12,GPHN,-0.12871610374024117
PC12,PTPN1,-0.12649383755185425
PC12,ARHGEF10,0.12474500505626868
PC12,UBE2Z,0.12305973575463026
PC12,PIP4K2B,0.1223241524417921
PC12,NME1,0.12108379722341735
PC13,TCN1,0.15574649925270193
PC13,GALNT3,0.14940507117015697
PC13,LAMA3,0.14226430215979752
PC13,PITPNC1,0.1388459160670496
PC13,PTGES,0.13294133504307207
PC13,MATN2,-0.12809061467028554
PC13,CTSB,-0.1238066284824456
PC13,TFPI2,0.12265301747404912
PC13,MGST3,-0.11634002204526643
PC13,LRRC59,0.11469183344249019
PC14,NFASC,0.18862522001923274
PC14,SDF2,0.15682251911558953
PC14,PIP4K2B,0.147728664731185
PC14,ANXA3,-0.13515398138825346
PC14,RPL23A,0.13435423684899755
PC14,UBE2Z,0.13334977007750587
PC14,NIN,0.12994842126897974
PC14,GDAP1,0.1270240725085744
PC14,GAK,-0.1237553869754374
PC14,RTL8C,-0.12037606096110136
PC15,PPP2R1A,0.17343574146756893
PC15,ACACB,0.16349110237868125
PC15,FGFR4,0.15534827860254963
PC15,GNA15,-0.14181678489894672
PC15,ZNF587,0.14008543141495555
PC15,GALT,0.13875962314385873
PC15,SERPINA3,-0.1294208326046275
PC15,HMGA1,-0.12710274668477092
PC15,SERTAD3,0.12657823002206212
PC15,NFKBIE,-0.12602418536475013
PC16,SCGB1D2,0.2165970759232563
PC16,SCGB2A2,0.20942079196976443
PC16,SCGB2A1,0.17447458411301328
PC16,RPL13A,-0.14455881578229884
PC16,ME3,-0.1323499418441968
PC16,ABCF1,0.11813168657609856
PC16,TFPI,-0.11540490879396563
PC16,CEACAM6,0.1151088054844799
PC16,CREM,-0.11415914999562807
PC16,MATN2,0.11148570777418562
PC17,PIGO,0.1673761942638373
PC17,PPARD,0.16725349846683296
PC17,FIG4,0.15881491299953213
PC17,DCAF10,0.13239328293626412
PC17,SYNM,-0.1313985981308506
PC17,TFG,0.1277912537016539
PC17,ATG5,0.12619942831356606
PC17,PPP2R1A,0.12564101666996114
PC17,QRSL1,0.12164084494567094
PC17,B4GALT7,0.1185246523956035
PC18,TRIB2,0.14281572927773456
PC18,PDLIM1,0.14143174632925146
PC18,MGP,0.1284286838352505
PC18,PTGES,0.12699377576209678
PC18,CTSB,-0.12665741663754485
PC18,GSDME,-0.1252157948589629
PC18,RASA4,-0.11591146312455072
PC18,GALNT7,-0.11547290935667319
PC18,COL4A5,0.11369630011235698
PC18,CHRNA9,0.11028339760984619
PC19,STAT6,0.1953561665882571
PC19,ATG5,-0.15398349599876077
PC19,FADS2,0.14108261468763778
PC19,KMO,0.13354856142147448
PC19,COX11,-0.13190462573456752
PC19,STX7,-0.12692162666524942
PC19,SLC27A3,0.12406187193392751
PC19,NME1,-0.12371896137746044
PC19,COQ3,-0.12274666390741289
PC19,CLSTN1,0.11862568769137442
PC20,CYP27A1,0.20726734078682046
PC20,NDRG1,-0.14622019928579424
PC20,SLAMF7,0.1367021853027839
PC20,SOX13,0.13306183872589938
PC20,PFKP,-0.1288931132497046
PC20,GALNT3,0.11795078360782643
PC20,PCDH9,-0.11432013187246608
PC20,NFASC,-0.11282064688774485
PC20,COA4,0.1122256330463398
PC20,MAGEA4,-0.11207697301141548
PC21,TTLL7,0.19188028740326984
PC21,CEP43,0.14812921836034706
PC21,CLCA2,0.13893787405823677
PC21,CCND1,-0.1328701186811563
PC21,MRPL48,-0.1314156457068285
PC21,TNNT1,-0.12477357621071883
PC21,CPT1A,-0.1234966131976427
PC21,ALG8,-0.12080963430121297
PC21,PTN,0.11989217332790011
PC21,ZNF350,0.11587615783963578
PC22,STYXL1,0.17064597598093956
PC22,PARM1,-0.162331351286713
PC22,CZIB,0.14435525511459785
PC22,SYNC,0.13978660642494586
PC22,FGB,-0.13063765861842455
PC22,PGAM1,0.12765851547206758
PC22,GPHN,0.12614344215932444
PC22,PLAT,-0.12600721135468487
PC22,TP53TG1,0.12423272234899592
PC22,SDC1,0.1225203744430648
PC23,BTD,0.1622761050932712
PC23,GSN,0.14705472041464454
PC23,CEACAM6,-0.1348551630272981
PC23,PCSK7,0.13120344263357656
PC23,FGG,-0.12902895014051266
PC23,AP3M2,-0.12805342492171856
PC23,TDO2,-0.12394588649546256
PC23,GFRA1,0.11917873279182845
PC23,SZRD1,0.11737414741230569
PC23,NFKBIE,-0.11674328475761712
PC24,FIG4,0.14579457851667943
PC24,MIR622,0.12869158684308135
PC24,FGFR4,0.12456646480278712
PC24,KRT14,0.12247000047273901
PC24,ADAM2,-0.12217737154675604
PC24,AKAP9,-0.1144148140754561
PC24,COL4A5,-0.11072666863777451
PC24,UPK1A,0.10937107341761954
PC24,PDLIM1,0.1090564084731953
PC24,STX7,0.10797440547984742
PC25,ADIPOR2,0.15867934922792445
PC25,PTGES,0.14551434396508678
PC25,CX3CL1,-0.133242466942503
PC25,DRG2,-0.13171928295338187
PC25,LDOC1,-0.13131439466291456
PC25,UPK1A,0.12815865410266766
PC25,ARHGEF11,0.1276591184572613
PC25,PMAIP1,0.12754948865912558
PC25,ME3,-0.12752970449337714
PC25,FGG,-0.1272894980281964
PC26,PTN,0.16233327598380315
PC26,RBM38,0.14519882085753044
PC26,TSFM,0.14288948983424543
PC26,FGB,-0.1427279451190653
PC26,TCN1,0.1355443519495491
PC26,ENTPD1-AS1,0.13508503036081482
PC26,FGG,-0.1246744536579874
PC26,LETM1,0.1230946969790255
PC26,CLCNKB,0.11705893771645955
PC26,WDR76,-0.11271460290391452
PC27,SLC27A3,0.15012592997261967
PC27,FGB,0.14490415723938052
PC27,ZC3H7A,-0.13584997735457247
PC27,SYNM,-0.12019471774048414
PC27,ERBB2,0.11767691286271878
PC27,PARM1,-0.11579293442079668
PC27,GRHPR,0.11578011795879689
PC27,FGG,0.11571730487052853
PC27,GDAP1,0.11422678200126966
PC27,PMAIP1,-0.1141439404765578
PC28,PARD3,0.15371718172583615
PC28,KRT5,-0.15032910432450236
PC28,RASL11B,-0.14546312651228457
PC28,UPK1A,-0.14294588149041038
PC28,SERPINB5,-0.13744365844325804
PC28,KRT14,-0.13175707289349745
PC28,HIP1,0.12919759262771272
PC28,SERTAD3,-0.12319390821382742
PC28,KRT17,-0.11765479940320211
PC28,MMP1,-0.1163620546043147
PC29,IDI1,0.14262830924183656
PC29,PPP2R1A,-0.13992955417673597
PC29,F8,0.13519306607786652
PC29,RPL13A,-0.1292404173486787
PC29,MINDY3,0.12696155371407158
PC29,TK1,0.12659275520580424
PC29,FAM53C,-0.12456620539058685
PC29,TGIF2,-0.11931639713474493
PC29,FGG,-0.11605212476549323
PC29,MIA,-0.11390394119219277
PC30,ARHGEF11,0.18736423607440694
PC30,ELL3,-0.17129534318079023
PC30,LDOC1,-0.16544796110800777
PC30,KRT5,0.15380030149206347
PC30,SERPINA3,-0.13578456429303856
PC30,RTL8C,-0.13291431012083452
PC30,TNNT1,-0.1325851992688929
PC30,PHF2,0.12865371009554433
PC30,ADIPOR2,0.12774172225570657
PC30,SMAD3,0.11903500042201877
PC31,MATN2,0.17838668670906602
PC31,GLDC,0.1480348926747074
PC31,ME3,0.13933725755385273
PC31,KCNN4,-0.12748819489121727
PC31,TCN1,-0.12424000537339568
PC31,TBC1D31,0.12084558133009429
PC31,LYPD1,0.11906014560942464
PC31,CCND1,-0.11860759203677476
PC31,TRIB2,-0.11810496347095353
PC31,ELL3,-0.11721079727886351
PC32,JUN,0.16631981397468204
PC32,CARS1,0.14032717601361572
PC32,P2RY2,-0.13980482041322093
PC32,SZRD1,0.13353605680406438
PC32,LYPD1,0.13269045631852114
PC32,STARD3,-0.1280315592732083
PC32,MED1,-0.1265825335244633
PC32,SCGB2A1,0.12558754223372257
PC32,ALG8,-0.12503971304440784
PC32,ZNF350,-0.12395867543977955
PC33,MMP1,0.19173340419637638
PC33,MMP3,0.17694532125101303
PC33,FADS2,0.15708344298717733
PC33,SPAG1,0.15335699130013006
PC33,ACACB,-0.14650902581428868
PC33,SLC29A2,-0.13226046679278505
PC33,TMED9,-0.12528382485439013
PC33,MIA,0.12116932569137193
PC33,STK26,-0.11872665467140324
PC33,GSDME,-0.11816334210283189
PC34,RPLP2P1,0.14976648086405792
PC34,TRIB2,-0.14175645970930878
PC34,HECA,-0.13969754393356557
PC34,ZDHHC4,0.13815740367177365
PC34,CENPBD2P,-0.13653480776678256
PC34,LDOC1,0.1337061875106481
PC34,KRT14,0.12569080752753048
PC34,RASL11B,0.12092653510210459
PC34,MAGEA4,0.11874529599231423
PC34,MIPEP,0.11874068437700841
PC35,TRIB2,0.16600286533199915
PC35,ARHGEF11,0.15990298311807744
PC35,FADS2,0.14844514441716322
PC35,ST6GAL1,0.13810665292360702
PC35,SCGB2A1,0.13688679117770916
PC35,SRPRA,0.13205959550702434
PC35,POLG2,0.12827511502757566
PC35,ERBB2,-0.1264190245807369
PC35,STARD3,-0.12558348990202411
PC35,BTG2,0.11726083804297285
PC36,SCGB2A1,0.15689737292061734
PC36,ADAM2,-0.15285013360624408
PC36,MOCS2,-0.13810788574835126
PC36,OCRL,0.13571536453233224
PC36,SCGB1D2,0.13283802022365815
PC36,FAM53C,-0.12665325139514433
PC36,PIP4K2B,0.12589955610869974
PC36,TK1,-0.125064066299273
PC36,CEP43,-0.12495074886749802
PC36,DOCK1,-0.1241635331812462
PC37,TRPA1,0.1759971731281653
PC37,DCAF10,0.16783209593520854
PC37,EPHX3,0.14772420915613782
PC37,AFP,0.14464242085923643
PC37,MINDY3,0.13652556723978299
PC37,CENPBD2P,0.1340134403589943
PC37,AAGAB,-0.11987976281059809
PC37,CELSR2,-0.11712502338401307
PC37,SMAD3,-0.11678266105734096
PC37,MPC1,-0.115758774486819
PC38,PDP1,0.15356341489020578
PC38,AP2B1,-0.14630135170740208
PC38,MAGEA4,0.1357753444663682
PC38,TFPI,0.1246536602799239
PC38,FRMD1,-0.12165843877237133
PC38,H2AJ,-0.1201764596395078
PC38,TENM1,0.11979980896349152
PC38,CHN1,-0.11897085269893726
PC38,TCN1,0.11882780095231578
PC38,STYXL1,0.11771649099663764
PC39,NFX1,0.1662856817768178
PC39,GRHPR,0.14217921210319104
PC39,BRINP2,0.1418176999853581
PC39,MMP1,0.141296415528086
PC39,ASB6,0.13810781685423754
PC39,DCAF10,0.13764942778557646
PC39,CLCA2,0.1357351308691899
PC39,PTPN20,-0.13326525493491406
PC39,MMP3,0.13291208663341703
PC39,GLDC,0.1298299530781801
PC40,GLDC,0.1423177518431799
PC40,KLHDC10,-0.1371508794551316
PC40,TFPI,0.1290092182156313
PC40,FADS2,0.1288748917564525
PC40,CALML5,0.12792594318043424
PC40,ARFGEF2,-0.12493359990650124
PC40,ACACB,0.12411005451184359
PC40,GPR143,0.11965312465011224
PC40,TBX10,0.11735695066176532
PC40,SLC39A8,-0.11696953347319125
PC41,SRPK3,0.14175650717141297
PC41,PARM1,-0.136393500759237
PC41,PNLIPRP2,0.1337984464942806
PC41,STK26,-0.1303157714806165
PC41,TRPA1,-0.12900274454477778
PC41,NFX1,0.1262309444581359
PC41,CHN1,-0.1176373982238028
PC41,ZDHHC4,-0.11597564436251458
PC41,CYP27A1,-0.1150229867003149
PC41,TNNT1,0.11188517699701792
PC42,ADAM2,0.2471738382588927
PC42,MINDY3,0.17577115338332483
PC42,MPPED2,0.15397271457512457
PC42,SUGCT,-0.1329361249064212
PC42,NARF,-0.13244316775971865
PC42,EPHX3,0.12646387470328804
PC42,DCXR,-0.12286014236318969
PC42,MGP,-0.12020469565950223
PC42,HMGA1,-0.11421867719374784
PC42,ABCF1,-0.11021534563655598
PC43,UPK1A,0.17589823163502719
PC43,KCNS3,-0.15845200650629396
PC43,AFP,0.15810051683220422
PC43,CNNM4,-0.1540529015642638
PC43,ARL4A,-0.1320476814458837
PC43,LIPF,0.12932168960820367
PC43,KCNN4,-0.12629148851228328
PC43,ALG8,0.12233317249505103
PC43,KRT37,0.12124961975607997
PC43,TESMIN,0.12066729685013929
PC44,SLC12A7,0.15620566100119826
PC44,SHPK,0.1509153464293772
PC44,PTGES,-0.14592585181167755
PC44,TRPC4AP,-0.1432660861757971
PC44,ADCY1,0.14196556023492884
PC44,MPPED2,-0.12240998765866887
PC44,SMAD3,0.12160117793230585
PC44,MZF1,0.11837239576166987
PC44,CENPBD2P,0.11735425232561249
PC44,OSER1,-0.1162940758832651
PC45,SMAD3,0.15485934601179213
PC45,ENTPD1-AS1,-0.13484066227342123
PC45,RARRES1,0.1337261247443054
PC45,PITPNC1,0.13111427610387966
PC45,AFP,0.12481088872741498
PC45,MPPED2,-0.12423464641969609
PC45,ME3,-0.1216616319041589
PC45,SLAMF7,-0.12055269691419172
PC45,CPS1,0.11902541299806342
PC45,GPHN,0.11738751249526379
PC46,P2RY2,0.1624043451143045
PC46,FGFR4,0.15069847451357243
PC46,ENTPD1-AS1,0.1500762617550279
PC46,CZIB,0.13619644283256901
PC46,RPS15,-0.12933388309813415
PC46,CPT1A,-0.1275281782684602
PC46,COQ3,-0.1253230928278093
PC46,SYT1,-0.12345487222029715
PC46,ADIPOR2,-0.12178175533438387
PC46,IL20RA,-0.11889797583177342
PC47,SHPK,0.146324121595411
PC47,ADM,0.14179601328876046
PC47,SOX11,-0.13210667021366893
PC47,PARD3,0.12750106224970764
PC47,CPS1,0.1222359816228781
PC47,TENM1,0.12131011388086249
PC47,WBP11,0.11675226841222532
PC47,GNAT3,0.11350428392878377
PC47,TFPI,0.11255113633450774
PC47,ELMO2,-0.11123990947392502
PC48,DRG2,0.18645610728012887
PC48,LYPD1,-0.15847739398125313
PC48,KRT37,-0.15416351390423053
PC48,ENTPD1-AS1,0.14752389994698584
PC48,LIPF,0.14391673365050006
PC48,DOCK1,0.14215036656659183
PC48,CCND1,-0.13157637367767572
PC48,SDS,-0.12946384904344627
PC48,LAMA3,0.12736859798375907
PC48,TRPC4AP,-0.12669181435639784
PC49,SLC39A8,0.1993647866270821
PC49,MATN2,0.16760896933863523
PC49,MAGEA4,0.16603011056106967
PC49,PEX6,0.1510465948468596
PC49,OSER1,-0.138418272282956
PC49,KRT37,-0.1278476730566503
PC49,LIPF,-0.1269666240531871
PC49,TMEM255A,-0.12228631927993332
PC49,H2AJ,-0.12116664269910826
PC49,SLC27A3,0.1202986286224336
PC50,QRSL1,0.182579000083686
PC50,GNAT3,0.15518089364601848
PC50,CHRNA9,-0.1503233694884596
PC50,JUN,-0.13751923802999869
PC50,PMAIP1,0.1361166733484224
PC50,ATG5,0.12303156291708447
PC50,TDO2,0.12058470724589669
PC50,F3,-0.1178236272514625
PC50,DRG2,0.11748585670674595
PC50,AKAP9,0.11278620108833443
PC51,GDAP1,0.18344059566639934
PC51,MINDY3,0.17932552877055555
PC51,CREM,0.17356282743730417
PC51,GNAT3,0.16773444583013195
PC51,ZMYND11,0.1469092740987016
PC51,LDOC1,0.14334422950713935
PC51,TTLL7,-0.13982330897730408
PC51,GLDC,-0.13526094816350734
PC51,EPHX3,-0.12516904532844864
PC51,NCAM2,0.12404238820167887
PC52,SZRD1,0.18872915673813265
PC52,SLC39A8,0.157531106192247
PC52,CEP43,0.14465915537515642
PC52,LZTS3,-0.13898156487447683
PC52,CHRNA9,-0.13105519852556818
PC52,CZIB,0.12803663308216703
PC52,CSTPP1,-0.12738773824875688
PC52,MPC1,0.1213399815418915
PC52,SDS,0.12045218409373573
PC52,CPT1A,0.11791487320738002
PC53,SUGCT,0.15621762261120345
PC53,TRPA1,0.15020063143031173
PC53,SLC12A7,0.14778779590445945
PC53,MAGEA4,-0.1313648627594697
PC53,HIP1,0.12797521664183123
PC53,MINDY3,-0.12133873350893273
PC53,LETM1,-0.11807947902407072
PC53,MATN2,-0.11071278123649611
PC53,ZNF350,-0.11012518754952003
PC53,C1orf115,-0.10823792980421698
PC54,HSD17B12,0.18420034870174762
PC54,ELMO2,0.1801992740443761
PC54,LIPF,0.1728056149881701
PC54,SZRD1,0.13169744433715577
PC54,CARS1,-0.12700485578005544
PC54,RAB33B,0.12554432608383664
PC54,MOCS2,0.12032004322569709
PC54,CHRNA9,-0.11716040489769217
PC54,UBE2Z,0.11662549920818249
PC54,VIP,0.11569000388490552
PC55,MMP3,0.18802026535746266
PC55,SYT1,-0.1489998017063903
PC55,MMP1,0.14772925786389962
PC55,PHF2,-0.14663514044734216
PC55,ST6GAL1,0.1434206322813384
PC55,PIM2,0.11824584519276506
PC55,KRT37,-0.11769168780768456
PC55,RTL8C,-0.11705012135440315
PC55,BRINP2,0.11576611168514586
PC55,ARHGEF11,-0.11415343609694022
PC56,EAF2,0.1555085417310704
PC56,ELMO2,-0.14677289286356665
PC56,TDO2,-0.1444846870193387
PC56,CRIP2,0.13300779723864467
PC56,MAGEA4,-0.13274377538785614
PC56,LIPF,-0.1300117359390745
PC56,MED1,0.12769294522295138
PC56,TCN1,0.12407748699923483
PC56,AP3M2,-0.11599975701246593
PC56,SPTLC2,-0.11499868192643302
PC57,NOVA1,0.15503260524245271
PC57,PTPN20,-0.1495900377758332
PC57,DOCK1,-0.1389045398055091
PC57,AP3M2,-0.1284994925642762
PC57,TLR5,0.12788640104760274
PC57,SLC12A7,0.12404915312261174
PC57,IFNGR2,0.12171895403427205
PC57,SPAG1,-0.11915613521927876
PC57,RAB33B,-0.114977277771768
PC57,SHPK,-0.11331714796862134
PC58,SLC39A8,0.23710237926906838
PC58,TRPC4AP,0.1648395806285335
PC58,PNLIPRP2,0.15628931316929118
PC58,ARHGEF10,0.14110920168025876
PC58,ADAM2,-0.13791940586151646
PC58,TRIB2,0.12778281901457814
PC58,SRPK3,-0.1247817622664891
PC58,MAGEA4,-0.12321480225322154
PC58,GNA15,-0.12153845410166368
PC58,CZIB,-0.12044880250924841
PC59,GNAT3,0.21268218666988492
PC59,CHRNA9,0.17672781176779886
PC59,PEX6,0.17166490963034647
PC59,AFP,-0.1587023384514298
PC59,BRINP2,-0.15844892051671106
PC59,TNKS,0.1381920840881215
PC59,GDAP1,-0.1339096782619687
PC59,COQ3,-0.1322352381490819
PC59,GPR143,0.12932467687602078
PC59,MIPEP,0.11868746314184436
PC60,ALG8,0.19854376246151761
PC60,LIPF,-0.198372618790336
PC60,CHRNA9,-0.1774220734491327
PC60,GLDC,0.16185722851344395
PC60,LDOC1,-0.11624025633704563
PC60,MINDY3,0.11460931055472239
PC60,B4GALT7,-0.11215012888357151
PC60,PSMB1,0.11208033446505097
PC60,MRPL48,0.11164397820026763
PC60,KCNS3,0.11024198806381894
PC61,SPAG1,0.20747625119845284
PC61,CPT1A,0.14725208983139854
PC61,PCDH9,-0.14591773239254308
PC61,PNLIPRP2,0.1412125677868429
PC61,H3C7,-0.13304185472221355
PC61,GREB1,-0.13247639617825085
PC61,ADAM2,-0.12899247770144295
PC61,NOVA1,0.11968370880564602
PC61,WBP11,0.11830273034212678
PC61,CZIB,0.1179753157111205
PC62,CPT1A,0.1816968178860072
PC62,GPR143,-0.1366834018111807
PC62,KCNS3,0.135674457336995
PC62,PCDH9,0.13373530432287617
PC62,FER,-0.13180251707898905
PC62,CPS1,0.13021573164754002
PC62,SRPRA,0.12250072384205796
PC62,GLDC,0.11856615927030628
PC62,RXRG,0.11791635316398116
PC62,OCRL,0.11307733619832189
PC63,NPY1R,0.159239520749838
PC63,UPK1A,-0.15911156597122844
PC63,LAMA3,-0.1510534689007011
PC63,ELMO2,-0.14482080315843088
PC63,TFPI2,-0.13995690779368003
PC63,USP27X,-0.1373943318673681
PC63,PTN,0.13019166005112845
PC63,PEX6,-0.12518731621025436
PC63,SYNC,-0.12261034281027355
PC63,SHPK,-0.12109900820664157
PC64,CSTPP1,0.17490235118445363
PC64,PPP1R3C,0.14616475629687078
PC64,ZNF225,-0.14529692604888275
PC64,FADS2,0.1441897984250519
PC64,H4C13,-0.13523151840242637
PC64,CPS1,-0.1301205520491751
PC64,SYT1,0.12836420554825154
PC64,SUMO3,-0.1231640353997674
PC64,TSFM,-0.1200273436955625
PC64,CZIB,0.11749996614778654
PC65,DPAGT1,0.16830485113693264
PC65,XK,0.16260518963932938
PC65,MATN2,0.15130570012327968
PC65,TDO2,-0.14644808504312523
PC65,RASA4,0.14025136679996786
PC65,PALB2,0.13088183721049054
PC65,TRIM45,0.12590895565253818
PC65,ABCF1,-0.12584802593207947
PC65,SDF2,0.12487885576613213
PC65,TFPI2,-0.12455434562803773
PC66,PTPN20,0.22477216124647928
PC66,F8,0.1610562414060581
PC66,PDLIM1,0.14917022007579828
PC66,MOCS2,-0.1482202162621458
PC66,SOSTDC1,-0.13605098998435858
PC66,CREM,-0.1342511597704491
PC66,MAGEA4,-0.1253798596463998
PC66,CLSTN1,0.12292144909929932
PC66,KLHDC10,0.12104291030869885
PC66,TCN1,0.11904199173864605
PC67,TRPA1,0.21479344207488615
PC67,AFP,0.1911929085620034
PC67,TTLL7,-0.16630277951686906
PC67,JUN,-0.13632257027886888
PC67,LYPD1,-0.13440919981254418
PC67,ELL3,0.12833069715743264
PC67,GNA15,-0.12761627853242222
PC67,BRINP2,-0.1239683599538666
PC67,CHN1,-0.11845132564016482
PC67,NFASC,-0.11741991710647168
PC68,TSFM,0.14497973581008702
PC68,SDS,0.12676220122266396
PC68,UBE2Z,0.12665283809878183
PC68,NCAM2,-0.12205550649869353
PC68,TRIM45,0.11989128786124559
PC68,MATN2,0.11971731392441379
PC68,CPS1,0.11924161443542763
PC68,RAB33B,-0.11923155006625469
PC68,AFP,-0.11922709683832781
PC68,OGN,-0.11689596277231554
PC69,SHPK,0.2084421939858368
PC69,GNA15,-0.16235736065321268
PC69,SRPK3,-0.14322474105658595
PC69,LRRC37A4P,-0.1310339810804045
PC69,LYPD1,0.1249392200952098
PC69,STAT6,-0.12382565912264605
PC69,HSD17B12,-0.1229375550803998
PC69,SOSTDC1,0.1217563290771592
PC69,MPPED2,0.11814138351139027
PC69,ZNF225,-0.11620969401869222
PC70,GDAP1,0.17629555728023907
PC70,SOX13,-0.15175642840540524
PC70,ARL4A,0.14407435097209806
PC70,AFP,0.1406649000205109
PC70,VIP,-0.13248872551651492
PC70,MRPL48,-0.12790577987757518
PC70,MAGEA4,0.12016887119163625
PC70,PHF2,0.11867908424997688
PC70,GPR143,0.11835474897896975
PC70,FGFR4,0.11240227933135376
PC71,OGN,0.17186673045063283
PC71,GNAT3,0.1675196557052251
PC71,CALML5,-0.15460108492933897
PC71,GLDC,-0.14282005359196445
PC71,AP3M2,0.1340608015901076
PC71,SYT1,0.13291394513320964
PC71,STAT6,0.13101120220238419
PC71,CLSTN1,-0.12965285244932562
PC71,ATP1B3,0.12561641550725913
PC71,TFG,0.12362016201478473
PC72,MAGEA4,0.19702327328906163
PC72,GNAT3,-0.18380818431973958
PC72,TFPI,-0.1677431863748322
PC72,PCSK7,0.142643355540736
PC72,CENPBD2P,0.13298000379957317
PC72,PTPN20,-0.12807358460730955
PC72,ZDHHC4,-0.12796224852081903
PC72,ADIPOR2,0.12171226898802191
PC72,QRSL1,-0.11989417126614207
PC72,FER,0.11869471813103755
PC73,GNAT3,0.19853070498267109
PC73,PNLIPRP2,0.1833976833311601
PC73,ASB6,0.15453382322437298
PC73,SLC12A7,0.1517665717215173
PC73,TMEM255A,0.14256959040842068
PC73,MMP1,-0.13877082516989928
PC73,MMP3,-0.12200053647372365
PC73,STK26,-0.12189124326899639
PC73,EIF4E2,-0.12157754266425351
PC73,MATN2,-0.1157275364525569
PC74,LRRC37A4P,0.20005488435591354
PC74,CREM,-0.19294696885077636
PC74,ASB6,-0.1638593346886588
PC74,CHN1,-0.15460997173326332
PC74,ADAM2,0.1460477704899361
PC74,PDLIM1,0.1447572198401916
PC74,BRINP2,-0.13292587425719155
PC74,SLC39A8,0.13230113522406825
PC74,SPTLC2,0.12919782074467098
PC74,SUGCT,-0.12225080315369233
PC75,TMEM255A,0.21169926460682303
PC75,RASL11B,-0.15378676204124536
PC75,PCDH9,0.13284676103355794
PC75,RORC,-0.12764975086937494
PC75,SDF2,0.1248780762633833
PC75,NCAM2,0.12411882508865817
PC75,NCOR1,-0.1222357909019455
PC75,PDZK1IP1,0.12075111713250257
PC75,SCGB2A1,0.11633038920719932
PC75,MMP3,-0.10845385348587139
PC76,HSD17B12,0.18142104139011642
PC76,CARS1,0.16027353481206516
PC76,RAB33B,-0.15177608007522458
PC76,CYP27A1,0.1501198922682739
PC76,SOX11,-0.14956815338943308
PC76,STARD3,0.13311578691125378
PC76,SLC12A7,-0.1303777337590654
PC76,ENTPD1-AS1,-0.12054400506880637
PC76,SERPINB5,-0.11563843971606944
PC76,GNA15,-0.1147597550999883
PC77,GNAT3,0.1910786812993101
PC77,TRIM45,-0.17154555844139904
PC77,TENM1,-0.1540160895659576
PC77,PNLIPRP2,0.14803642175798556
PC77,SLC39A8,0.12878178828262532
PC77,STK26,0.12859893067398886
PC77,MZF1,-0.11702623245984717
PC77,KRT37,0.11434790524488779
PC77,CLSTN1,0.11429261189605244
PC77,KCNS3,-0.11225548339011063
PC78,TP53I3,0.20204472143388585
PC78,ANXA3,0.1468309085646765
PC78,AFP,-0.14267214022923536
PC78,MPPED2,0.13463243345480347
PC78,COQ3,-0.13210018725780748
PC78,STAT6,0.12525883035510463
PC78,TENM1,-0.11985456381800583
PC78,MINDY3,-0.119257426163953
PC78,PDZK1IP1,0.11865574631826856
PC78,ARHGEF2,0.11753135510675425
PC79,GNAT3,0.18930618919557196
PC79,TFPI2,0.1776976701418799
PC79,REXO5,0.15521786316204406
PC79,H3C3,0.15122637469991201
PC79,FGFR4,0.13734310653927612
PC79,ELL3,-0.13695267294818178
PC79,RETSAT,-0.13596555963985826
PC79,CRIP2,0.13201512995527975
PC79,BRINP2,-0.13057061377253562
PC79,NFASC,0.12766612562340685
PC80,LIPF,0.1699119425708717
PC80,ENTPD1-AS1,0.15541787857179679
PC80,JUN,0.1532047709579565
PC80,TLR5,-0.14197715774877007
PC80,SHPK,-0.1417231074817894
PC80,TRIM45,-0.13140532641346359
PC80,GLDC,-0.12737857282779178
PC80,TDO2,-0.12116868976034707
PC80,SRPK3,0.11855613591218084
PC80,MAGEA4,0.1172422833003269
PC81,TENM1,0.1752602794186948
PC81,PTPN20,-0.1583846803784272
PC81,CHRNA9,0.1549152409906123
PC81,JUN,-0.13736625544901412
PC81,IL20RA,-0.13383156218919437
PC81,MAGEA4,-0.1331854558538051
PC81,ATP13A1,0.12632959162494645
PC81,CARS1,-0.1244380474227381
PC81,RPS15,0.12209111635867857
PC81,KANK1,0.11849594188189196
PC82,WBP11,0.16080525728460565
PC82,PARD3,-0.1497888163168989
PC82,TFPI,-0.14208983928141775
PC82,OGN,0.1310084841054197
PC82,FIG4,-0.12900169806542408
PC82,MAP3K7CL,0.1284191385773092
PC82,COQ6,-0.12386163387316161
PC82,ELMO2,-0.12345542484630244
PC82,MAB21L4,-0.1225385445187096
PC82,STK26,-0.12207145550369486
PC83,PTPN20,0.16116225707843332
PC83,RASL11B,0.14009684850332013
PC83,KRT37,0.12946959067478805
PC83,TTLL7,0.12926268389578782
PC83,PPARD,-0.12280461621098646
PC83,BRINP2,-0.11865385012198024
PC83,PFKP,0.11771699526672523
PC83,ENTPD1-AS1,0.11674796210581517
PC83,CEACAM6,0.11517374294615364
PC83,MTRR,0.11438767514859015
PC84,SHPK,0.17276696529114421
PC84,RAB33B,-0.1604608773188858
PC84,ASB6,-0.14889720427913108
PC84,KLHDC10,0.1405951201167768
PC84,CLCA2,-0.13744621643071353
PC84,LYZ,0.12764830110044606
PC84,GPHN,0.12537600002821941
PC84,NEDD9,0.11143874946796145
PC84,OGN,-0.11045533446843878
PC84,HSD17B12,0.10868279310640036
PC85,DOCK1,0.14854754631689182
PC85,TBX10,-0.14640379044408575
PC85,PNLIPRP2,-0.1429979858449105
PC85,SLC20A1,-0.13717644545783808
PC85,QRSL1,0.13590491871385577
PC85,NARF,0.133845205068306
PC85,PDP1,-0.13269826722657665
PC85,COX11,0.1268955043051735
PC85,KRT37,0.12441481923426347
PC85,TFPI2,0.12167373701430109
PC86,COQ6,0.1698388842276428
PC86,TENM1,0.1655913139505146
PC86,RARRES1,-0.14699481194520628
PC86,PDP1,-0.14605874576199543
PC86,USP27X,0.13830408538434763
PC86,MAB21L4,-0.13058666512297776
PC86,CZIB,0.126659328552407
PC86,MAGEA4,0.12091406218691711
PC86,SPATA31C2,-0.11946574364090534
PC86,NEDD9,-0.11597302563491971
PC87,RPLP2P1,0.18072322157359605
PC87,H3C7,-0.15487776633643321
PC87,XK,-0.15155590708087918
PC87,SPATA31C2,-0.13118594878991327
PC87,SYNE1,-0.13073741302250586
PC87,FER,0.128802202119261
PC87,HSD17B12,-0.12730090714617812
PC87,LIPF,0.12068586063159904
PC87,SPC25,0.11497607906069651
PC87,PIM2,0.11263775679614237
PC88,OGN,0.2648814520476108
PC88,SUGCT,0.14839664818239381
PC88,AP2B1,0.13410228368688762
PC88,TSFM,-0.13312252984131362
PC88,ZNF225,-0.13089542156355324
PC88,MAGEA4,0.12961663505865156
PC88,CNNM4,0.11906797369142777
PC88,GNAT3,0.11521781307357837
PC88,SLC39A8,-0.11478609069661883
PC88,PNLIPRP2,-0.11450847102802018
PC89,H3C7,0.20346635994227322
PC89,GLDC,0.1744134678145442
PC89,PCDH9,-0.15090854719648697
PC89,UPK1A,-0.1485598350542493
PC89,RTL8C,0.14629661756463816
PC89,GRHPR,-0.14116172826962592
PC89,NCAM2,0.13531243298230136
PC89,CHRNA9,0.1319801694658048
PC89,TNKS,-0.1296268783838321
PC89,PHF2,-0.12812650328214867
PC90,ABCG1,0.16736201594823072
PC90,NCAM2,-0.1600177352179637
PC90,ASB6,-0.13852056377006933
PC90,ANXA3,-0.13531762485113052
PC90,ZNF350,0.1339463642056097
PC90,REXO5,-0.13324526285611477
PC90,SLC12A7,-0.13301484041060865
PC90,C19orf73,0.1318333286695803
PC90,EPHX3,0.128285340931539
PC90,LRRC37A4P,0.12640506937966012
PC91,LAMA3,0.16203523445029291
PC91,RPLP2P1,0.14935351997874952
PC91,VIP,-0.1407266655965777
PC91,TESMIN,0.1383070082555682
PC91,CARS1,0.12920677740837774
PC91,ZNF350,-0.1252694474876992
PC91,H4C13,0.1238079533082678
PC91,GAK,-0.11929429340190455
PC91,LRRC37A4P,-0.11215862158577883
PC91,H3C3,-0.10787578471136419
PC92,LAMA3,0.1534674802796953
PC92,GPR143,-0.15006109018143368
PC92,PTN,-0.13874635187347584
PC92,TRIB2,0.12918670425300954
PC92,MMP1,0.12794960522811297
PC92,TTLL7,0.12502911206341183
PC92,STAT6,0.12413909476201314
PC92,PSMB1,0.12156640202925521
PC92,CNNM4,0.12075619685621754
PC92,H3C7,0.1198394211918244
PC93,PLEKHF1,0.14848332972860737
PC93,ADIPOR2,0.14023051528157357
PC93,H3C3,0.13909580508650285
PC93,ZDHHC4,-0.13781012345457155
PC93,PNLIPRP2,0.1371203474628445
PC93,GPHN,-0.1330879792557636
PC93,LDOC1,0.13006819256553315
PC93,ANXA2P2,0.1279753749493963
PC93,MAGEA4,-0.12766348037043596
PC93,BRINP2,0.1250237322321669
PC94,PTPN20,0.19682552242911436
PC94,COQ6,-0.1679614475088579
PC94,SYT1,-0.15380862802752418
PC94,TSPAN15,-0.1366577442149122
PC94,TFPI,-0.13045111170908652
PC94,TENM1,-0.12990063786799272
PC94,MAGEA4,0.12322050709910257
PC94,TMEM255A,-0.11594600110104579
PC94,LYPD1,0.1149618712260937
PC94,PIGO,0.11338556331921992
PC95,ADAM2,0.14398556649579586
PC95,PHF2,0.13927124009722994
PC95,IFT56,0.13653111671173376
PC95,SUGCT,-0.13466203430602497
PC95,NEDD9,0.13113857953323674
PC95,TMEM255A,0.12916803258683632
PC95,CSTPP1,0.11892137330048468
PC95,F8,-0.11751611810920537
PC95,SCGB2A1,0.11620336316596559
PC95,WBP11,0.11436986256374142
PC96,CCND1,0.1665904583614824
PC96,TMEM255A,-0.14792028054462775
PC96,LIPF,0.13789295351862865
PC96,SYT1,-0.13605167344905744
PC96,FADS2,-0.13561153400737314
PC96,TP53I3,0.13199320787733748
PC96,C19orf73,-0.12746051552936244
PC96,MPPED2,0.12203550980446268
PC96,ADAM2,0.11960637622251179
PC96,CPS1,-0.11923775216278715
PC97,MTRR,0.1633652085157761
PC97,NOVA1,-0.16065830270047765
PC97,PTN,-0.1485068413791437
PC97,PLEKHF1,0.1349510814171379
PC97,AFP,0.13494423399672514
PC97,DCAF10,-0.13293752825363464
PC97,LRRC37A4P,-0.1309509776010645
PC97,GPR143,0.12490331342243283
PC97,MINDY3,0.12446131625849448
PC97,ZNF814,0.12420762369536628
PC98,PNLIPRP2,0.1716891263433142
PC98,NEDD9,-0.171260508618821
PC98,PTPN20,0.16908700749295474
PC98,CALML5,0.15731853757539271
PC98,ENTPD1-AS1,-0.14545685646132708
PC98,MAGEA4,-0.13638186429186083
PC98,CPS1,-0.12774891560291315
PC98,AFP,0.12687100945039545
PC98,PTPN1,0.12139472964322989
PC98,ELL3,-0.11976709578950973
PC99,MPPED2,0.18356926648117486
PC99,ARL4A,-0.15686585107063125
PC99,SZRD1,-0.135352293085045
PC99,TP53I3,-0.1266049925804028
PC99,USP27X,-0.1261582152613657
PC99,PCDH9,0.1193993801927016
PC99,OGN,0.11686244550582524
PC99,AFP,-0.11361373327234514
PC99,PDZK1IP1,0.11145548266583277
PC99,TTLL4,0.10794695510577461
PC100,PEX6,0.18361860693108173
PC100,MED1,0.15197555570249027
PC100,TSPAN2,0.14732404330474982
PC100,PNLIPRP2,-0.14666112707285978
PC100,NFASC,-0.1390353993755742
PC100,GLDC,0.13178882581628595
PC100,GDAP1,0.13121836829065608
PC100,TMEM255A,0.12710184990759052
PC100,TMED9,-0.1201350468402091
PC100,CPS1,0.11973846380676001
PC101,TTLL7,0.1599967436108446
PC101,DCTN6,-0.15614469370904804
PC101,GALR2,0.13888677819824968
PC101,PABPC3,-0.1303287274268846
PC101,SERTAD3,0.13015319993775948
PC101,MPPED2,-0.1291162561503075
PC101,CLSTN1,0.1284113715694354
PC101,TFPI2,-0.12531890683450864
PC101,NCAM2,-0.12477822633957668
PC101,USP27X,-0.12115722201042603
PC102,MGP,0.18708162603731862
PC102,CDHR1,0.15160715048736226
PC102,NFASC,-0.14842535619719952
PC102,REXO5,0.14368859293739028
PC102,RASA4,0.14268767918186104
PC102,XYLT2,0.14196075810975636
PC102,TRPC4AP,-0.14165566067050261
PC102,STX7,-0.1326753023615005
PC102,OGN,-0.13138741459985268
PC102,ZNF350,0.12261281345382055
PC103,TRIB2,0.1987112576792849
PC103,FER,-0.15257895868887994
PC103,GLDC,0.15061816532040495
PC103,ADAM2,-0.15029628350865185
PC103,RPL13A,-0.14150029871692907
PC103,ALG8,0.1376462581040802
PC103,GALR2,-0.1303602940925533
PC103,STYXL1,-0.12774704587248054
PC103,PITPNC1,0.11549366305851533
PC103,MIR622,0.10927869383179849
PC104,ANXA2P2,0.17210841389363582
PC104,RORC,0.16985729270867447
PC104,RAB33B,0.13987547182215784
PC104,ADIPOR2,0.1342078407634396
PC104,TNNT1,-0.1277219580676532
PC104,ADM,0.12361286189478873
PC104,GSN,-0.11810876176795734
PC104,DRG2,0.11609365037340437
PC104,NFASC,-0.11492739510208003
PC104,TPBG,0.11329419454990172
PC105,RTL8C,0.15095200531819677
PC105,TDO2,-0.13747966543140086
PC105,PARD3,-0.13494270283857054
PC105,TMEM255A,-0.13229221497130175
PC105,POLG2,-0.12545504937574964
PC105,CZIB,0.1243957745267726
PC105,NEDD9,-0.12372236627507603
PC105,ARHGEF10,0.1194421840792664
PC105,LETM1,0.11799641146287038
PC105,PCDH9,0.1171940272985083
PC106,FER,0.1447274782849516
PC106,XK,-0.14424230702402638
PC106,ATP1B3,-0.13736144378344015
PC106,QRSL1,0.12231676376597493
PC106,SOSTDC1,0.12042279289080138
PC106,ZNF225,0.11867299293564873
PC106,PGAM1,0.11706813980838773
PC106,REXO5,0.11444033550249422
PC106,TDO2,0.11441458376902951
PC106,LAMP3,0.11299486916110507
PC107,OGN,0.1458516220419219
PC107,DIO2,-0.13133565385582094
PC107,CLSTN1,-0.12673146188379752
PC107,PNLIPRP2,-0.12520133872146033
PC107,KCNN4,0.12025203544785225
PC107,TFG,0.11987356676540545
PC107,ENTPD1-AS1,0.1190455206102067
PC107,TRIB2,0.11871606633563131
PC107,TP53TG1,-0.11855575990852274
PC107,SPAG1,0.11794587546072542
PC108,FAM53C,0.17688689646912475
PC108,SYT1,-0.1654163177431445
PC108,RASL11B,0.15852785397434743
PC108,GNAT3,0.14561135809770415
PC108,MPPED2,0.1407285636760718
PC108,COQ3,0.1384513354608041
PC108,CZIB,-0.13432547306044482
PC108,JUN,-0.12235523763477194
PC108,EPHX3,0.118301814019114
PC108,TMED9,0.11520301779572839
PC109,PHF2,0.20837769425723612
PC109,TCN1,0.18871778018010202
PC109,IFNGR2,0.1689902100784298
PC109,RBM38,-0.13973298368995546
PC109,RXRG,0.13896072660466233
PC109,PMAIP1,-0.12292889413087453
PC109,GNAT3,-0.12147762092317105
PC109,ANXA2P2,-0.12041342452310486
PC109,CENPBD2P,0.11858947164940929
PC109,CHI3L1,0.11363931244299746
PC110,PADI2,0.1359996372236066
PC110,CALML5,0.12913023851717748
PC110,PEX6,-0.12643212708166898
PC110,PDLIM1,-0.11752771934458027
PC110,CREB3,0.1174627057614024
PC110,SYNC,0.11642259764519966
PC110,TRIM45,0.1134607543147342
PC110,ABCF1,-0.11336579576783891
PC110,OSER1,0.11216960568392244
PC110,PPP1R3C,-0.10972556420099855
PC111,NPY1R,0.153878237414934
PC111,COQ3,-0.14980996901466528
PC111,NFASC,0.1410268823290341
PC111,HIP1,-0.1288640657876746
PC111,TNNT1,0.12293158010578921
PC111,CREM,0.12136361173983397
PC111,LYPD1,-0.11915365503514319
PC111,JUN,-0.11430666580096652
PC111,USP27X,0.10964544882865027
PC111,DIO2,-0.10741836013781124
PC112,GALR2,0.212944852327444
PC112,TENM1,-0.18666126820440185
PC112,MAGEA4,0.1558379474367924
PC112,STARD7,0.1557439169256389
PC112,CNN1,-0.14331629276452568
PC112,USP27X,0.13164188996425333
PC112,COQ6,0.12406145615707492
PC112,TRPA1,-0.12367741204375635
PC112,TCN1,0.12338157064427996
PC112,LRRC37A4P,-0.12170385560393525
PC113,OGN,0.24173412675834305
PC113,KCNS3,-0.1550377772482656
PC113,PARM1,-0.15064367653316574
PC113,PCDH9,-0.14877534488426558
PC113,POLR1G,-0.14365758447897148
PC113,MAB21L4,0.14169119226055393
PC113,GPR143,0.12900744177028162
PC113,ZNF516,0.11977608184098934
PC113,PDLIM1,-0.11443454748693957
PC113,FRMD1,-0.10997900000512757
PC114,F2RL1,0.1491662808042729
PC114,PDZK1IP1,-0.14439972898841544
PC114,PITPNC1,-0.1413065447385956
PC114,TP53I3,0.1406087867802012
PC114,DDO,-0.12836562433882265
PC114,SPATA31C2,0.12522633311988876
PC114,COL4A5,-0.12332331787105547
PC114,PLXNB1,-0.1223037826587569
PC114,SUGCT,0.11905238580530786
PC114,MMP3,-0.1173244738532028
PC115,STYXL1,0.14801100342220033
PC115,XK,0.1363911408779861
PC115,NIN,0.13379813259809722
PC115,TFPI,-0.13279516824958332
PC115,NFASC,-0.13228697008016113
PC115,NEDD9,-0.13042422804841783
PC115,PARM1,0.13009806369120105
PC115,ARHGEF10,-0.1280343987819184
PC115,CLCA2,-0.12765323097928327
PC115,MIPEP,0.1259270306514665
PC116,TSPAN2,0.18957432027145435
PC116,CDHR1,-0.15560368548725406
PC116,NOVA1,0.152460149808382
PC116,H3C7,0.13437206976666669
PC116,USP27X,-0.13045548607755972
PC116,GALR2,0.1287274268461448
PC116,TNKS,-0.1279087664720395
PC116,FER,0.12750627381330265
PC116,SYT1,0.12476061041755127
PC116,MAPT,-0.12295486078161919
PC117,IFT56,0.20233993806846223
PC117,NCAM2,-0.1508113235593607
PC117,RORC,-0.15006197437419685
PC117,NFASC,0.14821013844509723
PC117,C19orf73,0.1405405037594539
PC117,VIP,-0.13178278693328757
PC117,MYBL2,0.13132526602950353
PC117,GPR143,-0.13053879604828744
PC117,SDF2,-0.1280625512323516
PC117,DOCK1,0.12679263710293598
PC118,ME3,0.18709172980440675
PC118,CHRNA9,0.17010388677217753
PC118,ELL3,-0.133095867298896
PC118,RXRG,-0.1287342603914344
PC118,CENPBD2P,0.1267681225243037
PC118,CHI3L1,-0.12572842919505167
PC118,DRC9,0.12434740715694903
PC118,PLAT,-0.12240375426748878
PC118,RAB33B,0.12018833375091215
PC118,TGIF2,0.11949553637495994
PC119,OGN,0.16943985443637127
PC119,CZIB,-0.15369927231448427
PC119,PHF2,-0.14961959292389265
PC119,SLC27A5,0.14055799672628236
PC119,DCXR,0.13036359926062002
PC119,CARS1,-0.1218344494073642
PC119,MGST3,-0.11883238632408331
PC119,SLC20A1,-0.11497814976635823
PC119,XK,-0.11436506409587391
PC119,TFPI,0.11426431996637751
PC120,TCN1,0.1601288408957496
PC120,PER2,-0.14883347006330597
PC120,KIT,0.14267594563436495
PC120,DIO2,0.13746751350067277
PC120,GRB2,-0.13246949155970236
PC120,TBX10,-0.13042583892348286
PC120,TP53I3,0.12692132542892215
PC120,SCPEP1,0.1265411193615092
PC120,CSTB,-0.12543167022004223
PC120,LRRC37A4P,-0.12058296787760252
PC121,ASB6,0.1817621295308998
PC121,ZNF516,0.16733400686377503
PC121,TMEM255A,-0.16031079964067702
PC121,SHPK,0.15929056053307483
PC121,AAGAB,-0.15063585760768847
PC121,MAGEA4,0.14948013059231033
PC121,PPP2R1A,-0.13405280957525542
PC121,TRPC4AP,0.12938206804841457
PC121,FAM53C,0.1161329321158857
PC121,CARS1,-0.11143443083206199
PC122,ZNF225,0.23218359233612865
PC122,RASL11B,-0.15245378922384417
PC122,NPY1R,-0.15154561089308263
PC122,ASB6,0.14995401228703564
PC122,TMED9,0.1346154391658035
PC122,PITPNC1,0.13136503218636877
PC122,H3C7,-0.1257090293577242
PC122,SHPK,-0.12460398724863082
PC122,RXRG,0.12394025550128246
PC122,LRRC37A4P,0.12326877852905882
PC123,NPY1R,0.1933041562370278
PC123,TRPA1,0.17807604075175673
PC123,PALB2,0.15782680253541065
PC123,GNA15,-0.14829555817126408
PC123,FRMD1,0.1387559700316015
PC123,SLC29A2,0.13531553856106304
PC123,MAP3K7CL,-0.13047850878986736
PC123,ATP13A1,0.12837146976229563
PC123,GSDME,-0.12649447165836117
PC123,MRPS30,0.11784303381705985
PC124,ZNF3,0.17279477102249727
PC124,NEDD9,-0.1584518851605054
PC124,PCDH9,0.14372764212621603
PC124,USP27X,-0.13640425138353462
PC124,POLR1G,0.13364767110362546
PC124,TRIM45,0.13178812265282724
PC124,SUMO3,-0.12651728036194318
PC124,GNAT3,0.12410620564721717
PC124,WDR76,0.12088089538176307
PC124,GAK,0.12067527453195966
PC125,CX3CL1,0.18161343862555926
PC125,CNN1,-0.15824706554739582
PC125,H3C3,0.15098630442237856
PC125,POLR1G,-0.14703573534906123
PC125,MIPEP,-0.13979571771772512
PC125,ZNF225,0.12656064025033686
PC125,CARS1,0.12199779041133034
PC125,ENTPD1-AS1,0.12170201559109392
PC125,BTG2,0.12156812048053194
PC125,LRRC37A4P,-0.12007673047406812
PC126,CDHR1,0.17722671021218797
PC126,FGFR4,0.15131410619948718
PC126,LAMP3,0.14387718397577803
PC126,STAT6,-0.13908195968896775
PC126,ADIPOR2,-0.1313201029075987
PC126,CHRNA9,-0.12995732418226602
PC126,ZNF225,-0.12620442227478898
PC126,F2RL1,0.12233607322198094
PC126,FRMD1,0.11333334865257567
PC126,SUMO3,0.11306280534771973
PC127,OGN,0.1446721868922766
PC127,FER,0.1430170141425501
PC127,TBC1D31,-0.13195298962391613
PC127,ALG8,0.12837958403035798
PC127,MATN2,0.12797765059157568
PC127,PPP1R3C,-0.12358829119448776
PC127,PNLIPRP2,-0.12301396048817763
PC127,TK1,0.11957622829083425
PC127,CLCNKB,-0.11686747114948823
PC127,ATP13A1,-0.11486204338215444
PC128,LRRC37A4P,0.1546435672814663
PC128,PARM1,0.15371346253609833
PC128,TCN1,0.14000622377071584
PC128,COQ6,0.13528284515873434
PC128,NCOR1,-0.13245923881418298
PC128,ZMYND8,-0.12822301606980893
PC128,PLAT,0.12357150670557904
PC128,MIPEP,-0.12045866997827413
PC128,GDAP1,0.11731063514440367
PC128,PABPC3,0.11633294748063172
PC129,SRPK3,0.19500379911586474
PC129,USP27X,-0.16786289696607687
PC129,ZNF225,-0.1409526495536536
PC129,CDHR1,0.13955804909762415
PC129,TNNT1,-0.1372591162679625
PC129,MGST3,0.1367969419907868
PC129,SLC27A3,0.12993987948072327
PC129,TDO2,0.12487368016690718
PC129,LIPF,-0.12472013778769674
PC129,H2AJ,0.11750652033618605
PC130,OGN,0.1764834165336482
PC130,RBM38,0.1699445167706862
PC130,TCEAL1,0.1388657954659068
PC130,NFX1,-0.1366305046518522
PC130,CDKN2A,-0.12760990374111844
PC130,SPC25,0.1268209007527896
PC130,PTN,-0.1263500605514016
PC130,GALT,0.1235922162999916
PC130,GNAT3,-0.12278413678830565
PC130,LAMA3,0.12119207869104281
PC131,OGN,0.17923530750941702
PC131,LRRC37A4P,-0.15243058169396442
PC131,SLC12A7,-0.1461791512914661
PC131,TBX10,-0.14198289633959288
PC131,CENPU,0.137880723341965
PC131,CNN1,-0.13320413634331843
PC131,CZIB,-0.1265521058461006
PC131,POLR1G,0.1184552143028798
PC131,SYNE1,0.1181518558525628
PC131,CHN1,-0.11537540611602087
PC132,TFPI2,0.15465909436815978
PC132,FER,0.15336974134124676
PC132,LYPD1,0.15209281902905245
PC132,TSPAN2,-0.14411734956396635
PC132,FRMD1,-0.13536275592362404
PC132,SOSTDC1,-0.1311732673444351
PC132,PHF2,-0.12858425898490333
PC132,SPATA31C2,-0.12565643578592994
PC132,CALML5,0.12531339642166173
PC132,JUN,0.12506934103709516
PC133,PEX6,0.16033061792511727
PC133,LETM1,-0.15589314595158205
PC133,PPP1R3C,-0.14073788276414384
PC133,CDHR1,-0.1352312784346984
PC133,TFPI2,0.13057934744901425
PC133,CREM,0.1282818463182741
PC133,SOSTDC1,0.12705784552078658
PC133,GRHPR,-0.12598147330963308
PC133,NIN,0.12212448058226998
PC133,SRPRA,0.12139686175991092
PC134,PCDH9,0.2405156153691116
PC134,SOX13,-0.11717856365765614
PC134,LAMA3,0.11680054338153391
PC134,GALNT10,-0.11561357359554476
PC134,STX7,0.11015714607197119
PC134,ZNF225,-0.10996695717024474
PC134,SLC29A2,-0.10910168483596563
PC134,PPARD,0.10904759108656092
PC134,NME5,0.10579655923506716
PC134,TP53I3,-0.10515006957725383
PC135,SLC12A7,0.18668817553334793
PC135,KANK1,-0.14476959121305435
PC135,DUSP10,-0.1392630784653059
PC135,TPBG,-0.13055940764964666
PC135,PALB2,0.12791574878291956
PC135,PITPNC1,0.12784642761014953
PC135,ZNF350,-0.12409809033146907
PC135,DIO2,-0.12344506199450425
PC135,SLC29A2,-0.11998058110428086
PC135,SYT1,-0.1191505151282821
PC136,MPPED2,0.19333062484576186
PC136,SLC20A1,0.12856500998560827
PC136,TNNT1,-0.12657207807538898
PC136,CLCA2,0.12397072051333789
PC136,KIT,-0.12388757125658768
PC136,KRT5,-0.11953724087493531
PC136,CCND1,-0.11843227141071369
PC136,CARS1,0.1180791207004586
PC136,CZIB,-0.11688867087196987
PC136,PLXNB1,0.11088168890856734
PC137,TNNT1,0.16116318975003194
PC137,TRIM45,0.14438508254875793
PC137,SULT1A1,0.14324252285339326
PC137,SPATA31C2,-0.13693344066478752
PC137,F8,-0.13535431933892605
PC137,IKBKE,-0.13213887440630745
PC137,RORC,0.1254837112084893
PC137,TSPAN2,0.124613277498455
PC137,MID1,0.1198638597465603
PC137,SCPEP1,0.11941998921903357
PC138,ELL3,0.16209105695392306
PC138,ZNF280B,0.13203418027055808
PC138,BRINP2,-0.12805651826843215
PC138,GAK,-0.12509603011759354
PC138,EPHX3,0.12439084629418787
PC138,CX3CL1,-0.12118558328127957
PC138,SOSTDC1,-0.11669422058621359
PC138,AKAP9,0.11569318984600939
PC138,AP3M2,0.11366113257226304
PC138,KCNS3,0.11312625203677504
PC139,H3C7,0.18678293112454494
PC139,LETM1,-0.1662081291214884
PC139,GPHN,0.15618899745394144
PC139,IGFBP4,0.14527596008554983
PC139,CHRNA9,-0.14033885414397496
PC139,MINDY3,0.13627762480743624
PC139,AFP,-0.13021851896204106
PC139,ARFGEF2,-0.12593241619526693
PC139,ADAM2,-0.12240094592438452
PC139,GLDC,-0.12173334022658858
PC140,GDAP1,0.15583008636061585
PC140,H3C3,0.1517642338933685
PC140,CNN1,-0.14424027425608166
PC140,FRMD1,0.13629961502973373
PC140,MINDY3,0.1343807256263538
PC140,STAT6,0.12964445043878153
PC140,SERPINA3,-0.12828334725786283
PC140,NCAM2,-0.1168477142353261
PC140,CHN1,-0.11619829528106326
PC140,H4C13,-0.11594914248665163
PC141,H4C13,0.16489833597087603
PC141,MPPED2,-0.15650793559623846
PC141,RAB33B,-0.14746907091889028
PC141,USP27X,0.14181270600784252
PC141,STAT6,0.1388746559678284
PC141,RETSAT,-0.13600752712248637
PC141,NARF,0.13357763385192659
PC141,TCEAL1,0.12871622221865844
PC141,IKBKE,-0.1279010894077192
PC141,MINDY3,0.12571609446162177
PC142,STX7,0.1575953221361601
PC142,ZNF3,0.14993820907054214
PC142,LIPF,0.14500435592247152
PC142,COX11,0.1407423566989232
PC142,NPY1R,-0.13844538769178139
PC142,TP53TG1,-0.13819970646024762
PC142,CX3CL1,-0.13770053943261643
PC142,MTRR,-0.13348869926286328
PC142,TNNT1,-0.12117505719371499
PC142,GSDME,0.11811757021679313
PC143,FER,0.19238097456656578
PC143,ARL4A,0.1390045267760014
PC143,GPR137B,-0.13612885463859634
PC143,TGIF2,0.13354455371577303
PC143,CLCNKB,-0.13136131526781925
PC143,POLG2,-0.1223784381381201
PC143,MYB,0.1199710452351047
PC143,ABCF1,-0.11902895799575114
PC143,VIP,-0.1148892316718963
PC143,NCOR1,0.11274649496522639
PC144,VIP,0.15154735433120434
PC144,LRRC37A4P,0.14624395942848273
PC144,MAB21L4,-0.14057880400521314
PC144,LDOC1,0.13887933983879594
PC144,CDHR1,-0.13319941020649942
PC144,SDS,-0.13071314344821416
PC144,SUGCT,-0.11722065958898051
PC144,ELF5,0.11555177595273149
PC144,SYNGR2,-0.11489324397166246
PC144,GSN,0.10774910524505257
PC145,TFG,0.1718516667381177
PC145,SLC39A8,0.1442376693922754
PC145,SYNC,-0.14302733632496567
PC145,PCDH9,-0.1403673382575272
PC145,IFT56,-0.1319982176988409
PC145,CHN1,0.1276786804624851
PC145,KLHL29,0.12086753884705262
PC145,NFKBIE,0.12038405275464344
PC145,CTSB,0.11833379354637591
PC145,PIP4K2B,-0.11605709996481162
PC146,PCSK7,0.1805473718312631
PC146,ASPN,0.1441911531035716
PC146,PIM2,-0.14383471998297623
PC146,P2RY2,-0.13317560186757657
PC146,F3,0.12399054607195728
PC146,ARHGEF10,-0.11893993914172182
PC146,TP53TG1,0.11651968038942717
PC146,RPLP2P1,-0.11436213261125644
PC146,LRRC37A4P,-0.1104461609319362
PC146,SHPK,0.10858737654770999
PC147,SDS,0.15030417443066024
PC147,SPC25,-0.1501362698892267
PC147,CREM,0.13723246050947263
PC147,NIN,0.1333787393216481
PC147,SCPEP1,-0.11788292890514007
PC147,RAPGEF6,-0.11398010587504023
PC147,SPATA31C2,-0.11382539190179511
PC147,GALNT3,0.11294605920099181
PC147,RBM38,-0.10895219146965948
PC147,TRIB2,0.10885978513249311
PC148,IL20RA,0.17717981822564113
PC148,CPT1A,0.1633086067483411
PC148,SZRD1,-0.14311648016367642
PC148,MAP3K7CL,0.14141802187470742
PC148,SYT1,0.12535057360397725
PC148,ADIPOR2,-0.1193400026951984
PC148,MZF1,0.11724252891094195
PC148,MGP,0.11679698940072034
PC148,XYLT2,-0.11525113012928574
PC148,FRMD1,-0.11497470576310471
PC149,ARHGEF10,0.17630895246869746
PC149,SLC12A7,-0.13561877289173052
PC149,ATP13A1,0.13427555836303462
PC149,PTPN1,0.13389317219308042
PC149,ENTPD1-AS1,0.1310426747498955
PC149,LYPD1,0.11729185703782895
PC149,CARS1,0.11530922239430379
PC149,PTPN20,0.11346531539539553
PC149,PFKP,-0.11276073299599146
PC149,POLG2,-0.11058204372449656
PC150,RASA4,0.16007359342571895
PC150,SNX10,-0.14549627197248968
PC150,H4C13,-0.14470980553022864
PC150,PER2,-0.1382611272796907
PC150,MKI67,0.13814016972315007
PC150,SHPK,0.13498443679031216
PC150,SRPK3,0.12512124340950354
PC150,FIG4,-0.12465426722597633
PC150,BTD,0.123767313972706
PC150,FCGRT,0.11885091684973516
PC151,PHF2,0.15530155420519556
PC151,BTD,-0.15437024566465574
PC151,GNA15,0.12268286555941235
PC151,PDZK1IP1,-0.11761993848408152
PC151,DHFR,-0.11619920806264175
PC151,SPC25,-0.11436042332829936
PC151,TBX10,0.10904062756876252
PC151,TMEM255A,-0.1083043757537067
PC151,OGN,0.10791226511656354
PC151,MRPL48,0.10702584098757337
PC152,PPARD,0.17952319163923863
PC152,C19orf73,0.16716571301204705
PC152,UPK1A,-0.15588703144022487
PC152,ASB6,0.147728029514497
PC152,POFUT2,0.12807666366229573
PC152,PDLIM1,0.12457793738050729
PC152,GDAP1,-0.12038185058618718
PC152,RABEP1,0.11993667320885754
PC152,TSPAN2,-0.1179788933402835
PC152,PARD3,0.11649915967553645
PC153,SLC29A2,0.1450055689911417
PC153,DCTN6,0.1414205702389786
PC153,PLEKHF1,-0.13489882046802407
PC153,NOVA1,-0.1329035192320652
PC153,PHF2,-0.1218318617849222
PC153,GSN,-0.11447552813339276
PC153,ASB6,0.11192763217252463
PC153,RORC,-0.11001079683564632
PC153,AP2B1,-0.10788343050920297
PC153,ZMYND11,-0.10689448326360287
PC154,GSDME,0.14816519459471683
PC154,MPPED2,0.13207593485203742
PC154,TTLL4,-0.12744551982472638
PC154,KCNN4,0.1266572222932204
PC154,PCDH9,0.12607187516340215
PC154,TRPC4AP,-0.12458089811227352
PC154,CHRNA9,0.12437165422138144
PC154,KMO,-0.12270211320053623
PC154,FCGRT,-0.1189439077991412
PC154,POLG2,0.11271503327766015
PC155,CSTPP1,0.16612440996399086
PC155,PTPN1,0.14558338497861814
PC155,PCDH9,-0.13920738821187972
PC155,SERPINB5,0.1313922134523396
PC155,SPTLC2,0.12935823248782746
PC155,ANXA2P2,-0.12703328447704262
PC155,GNA15,-0.12693749496046605
PC155,EIF4E2,0.12442303486003742
PC155,TBC1D31,0.12297166739902357
PC155,DDO,0.11450649665635287
PC156,KIT,0.14746845078002724
PC156,SLC27A5,-0.14620541401647144
PC156,CARS1,-0.13760006189570848
PC156,USP27X,0.13051202517482643
PC156,ATP13A1,-0.1290204373624318
PC156,P2RY2,-0.12220338623944509
PC156,BRINP2,-0.11725342294455686
PC156,ENTPD1-AS1,0.1133821746956567
PC156,MPC1,0.11082242621931948
PC156,PCSK7,-0.11049385864441051
PC157,SPATA31C2,0.18036669447830378
PC157,TENM1,0.1594077339333725
PC157,NFASC,-0.14397558768138843
PC157,TMEM255A,0.1401474554061802
PC157,PCDH9,0.13832249238475497
PC157,SOX13,0.11983840240310213
PC157,KLHL29,0.11923313049416438
PC157,ASB6,0.11891111476915599
PC157,SOSTDC1,-0.11813165304892966
PC157,GAMT,-0.11809019450656202
PC158,ZDHHC4,0.15749399297379307
PC158,AP3M2,0.15578207480715062
PC158,COQ6,0.1508276114829145
PC158,RETSAT,0.138139866431788
PC158,SOX9,-0.1221397954557763
PC158,XYLT2,0.1220181669017101
PC158,IKBKE,-0.12149163917096674
PC158,SULT1A1,0.11892935811603547
PC158,ST6GAL1,-0.11820249666073321
PC158,ASPN,-0.11359244050318168
PC159,HSD17B12,0.18404097209882755
PC159,TRPA1,0.17988529233702605
PC159,EPHX3,-0.1520281611580583
PC159,SLC20A1,-0.1453775085786857
PC159,MAP3K7CL,-0.1403287846611744
PC159,AP2B1,-0.13664186480572915
PC159,LYZ,0.12718549508738303
PC159,PDP1,0.12626100386284786
PC159,IGFBP4,-0.11859822278465214
PC159,AP3M2,0.11651150415271024
PC160,COQ3,0.16516980829432795
PC160,NCAM2,0.15116972412884233
PC160,MZF1,-0.1454657916773881
PC160,WBP11,0.13701650389101291
PC160,SOX11,-0.13359718467401188
PC160,PABPC3,-0.12984143136578657
PC160,ZNF814,0.12914932943382415
PC160,BLTP2,0.1252505094425446
PC160,DPAGT1,-0.11524574797014679
PC160,GNA15,-0.11055628579029753
PC161,SLC39A8,0.1492964220346001
PC161,CZIB,-0.14324136233094645
PC161,NME5,-0.13458170496089555
PC161,POLG2,-0.1328751043821457
PC161,ZC3H7A,-0.11857403446267364
PC161,TSPAN2,0.11683430665592003
PC161,ARL4A,-0.11627057786223863
PC161,SLC29A2,-0.11615020980197657
PC161,COX11,0.11573936168061426
PC161,SNRPG,0.11508566238327778
PC162,BTD,0.15604821448932066
PC162,AFP,-0.1519311520752475
PC162,SYT1,0.14376891843887346
PC162,PNLIPRP2,0.13057288000782968
PC162,RASAL2,0.12965723166154394
PC162,ZDHHC4,0.1252323798192975
PC162,HIP1,0.12396610060519679
PC162,NEDD9,-0.12350494415169239
PC162,SERTAD3,0.12143054406099235
PC162,KIT,-0.11879449099654907
PC163,MAP3K7CL,0.15655039247270344
PC163,RASAL2,-0.12790528456792996
PC163,P2RY2,-0.12194649754855337
PC163,TRIB2,0.12049221825934922
PC163,MIPEP,0.1203890554669763
PC163,DUSP10,-0.11918454113546163
PC163,HIP1,-0.11702640387874019
PC163,AP2B1,0.11395314650791427
PC163,FER,0.11233005134234478
PC163,ARL4A,-0.11119142768014695
PC164,NCAM2,0.15063563488235712
PC164,USP27X,0.14549116281578708
PC164,TFG,0.14205066249790127
PC164,CHN1,-0.13783214682485245
PC164,NCOR1,-0.1353680380424399
PC164,GNA15,0.1301984761818534
PC164,RPLP2P1,0.12935214955414254
PC164,PLEKHF1,-0.12515178576020988
PC164,SOX13,-0.11292904625871564
PC164,JUN,-0.1123414283759229
PC165,AKAP9,0.192094142392978
PC165,ZNF350,-0.17136825922813864
PC165,DOCK1,-0.1492587798139071
PC165,SLC39A8,-0.1342530013638742
PC165,PTN,-0.13180757548713923
PC165,TFPI2,-0.1300494145969851
PC165,PIM2,-0.12943503871934223
PC165,ZNF362,-0.12590723733936907
PC165,SPTLC2,0.1178242084508604
PC165,USP27X,-0.1167078910953543
PC166,TSFM,0.1400972705144606
PC166,GPHN,-0.1366354034855504
PC166,SPATA31C2,-0.13087124761701044
PC166,LZTS3,0.13037154422180733
PC166,TENM1,0.12923055187792834
PC166,TBC1D31,-0.12356134929106842
PC166,GAK,0.12244610132247029
PC166,TSPAN15,-0.12239568113627575
PC166,MOCS2,-0.11212049890051154
PC166,B4GALT7,0.11128793645273173
PC167,PDP1,0.13945199925280316
PC167,RTL8C,0.1253369127398315
PC167,CENPU,-0.12439238165578774
PC167,RARRES1,0.12285604092162414
PC167,PMAIP1,0.12282491192840672
PC167,STYXL1,-0.11840783091218937
PC167,TYMS,-0.11524072287200685
PC167,RABEP1,0.11033240466567587
PC167,SOX11,0.10930215784095539
PC167,RPLP2P1,0.10731955771384635
PC168,PEX6,0.1518336126317755
PC168,H4C13,-0.1418420563700841
PC168,PDLIM1,-0.13856858259995836
PC168,GAK,-0.13843707097525634
PC168,RPL23A,-0.1362643228147304
PC168,MSMO1,0.13528099326630622
PC168,RASA4,0.12449709349455265
PC168,IL20RA,0.12126745730704036
PC168,IL10RB,-0.11952885924447769
PC168,OSER1,0.11946867980491979
PC169,C1orf115,0.1763592034923694
PC169,TRIM45,0.14198829471962796
PC169,ZNF3,0.12454725388020026
PC169,LYZ,0.12319302889034406
PC169,NFASC,0.12236876802556974
PC169,MPC1,0.1129128965794477
PC169,DOCK1,-0.11258831349032641
PC169,LAMP3,0.10969922554291413
PC169,STYXL1,-0.10903547916481973
PC169,CDHR1,-0.10593000028873983
PC170,FCGRT,0.1535420784862242
PC170,ABCG1,-0.1534756131982898
PC170,C19orf73,0.1491738051562142
PC170,RORC,0.14769143122095685
PC170,CHN1,0.12887935961721514
PC170,TRIM45,-0.1236984818667726
PC170,SOX9,0.12274274852857715
PC170,GALNT7,0.11867389701398247
PC170,RTL8C,0.11698422816069992
PC170,MOCS2,-0.11585592890984746
PC171,TSPAN2,0.1553114234619857
PC171,ZMYND8,0.14980599263014702
PC171,PLEKHF1,-0.14162510884919263
PC171,NOVA1,0.14034887417944844
PC171,ACTR3B,0.1372023366953136
PC171,ATP13A1,0.12720983508290673
PC171,NARF,-0.12160760232567733
PC171,ARHGEF11,0.11934494396899495
PC171,CHN1,-0.11531392850241486
PC171,TYMS,0.11204036836803218
PC172,F2RL1,0.16035755275152472
PC172,TNNT1,-0.15585303995985134
PC172,SLC27A3,0.14586456011280124
PC172,ZNF225,0.13526360299788684
PC172,DIO2,0.13443270809010846
PC172,ENTPD1-AS1,-0.12953832668592602
PC172,PABPC3,0.12910920493975941
PC172,ARHGEF11,-0.12612320831640472
PC172,PLXNB1,0.1179408357388787
PC172,ADM,-0.11685549180851862
PC173,PADI2,0.1392313854367129
PC173,PTPN20,-0.13557448214205547
PC173,FADS2,-0.13388110229441716
PC173,TDO2,0.1314260303812573
PC173,ARAP2,0.13027561358110698
PC173,TK1,0.12889576258571253
PC173,RRM2,-0.12790748676430816
PC173,HIP1,0.1227347536914294
PC173,ARFGEF2,-0.12184103245360584
PC173,POFUT2,0.12117687599717084
PC174,PPP2R1A,0.1579126642662696
PC174,SRPK3,-0.1539849047934082
PC174,NPY1R,-0.14704840035612657
PC174,DHFR,-0.1386809655049604
PC174,CNNM4,-0.1284705430878394
PC174,FRMD1,-0.12510925257140085
PC174,MGP,-0.11872671185167513
PC174,GSDME,0.11756487372269672
PC174,ADCY1,-0.11736167412906104
PC174,PARD3,0.11734346205215504
PC175,DUSP10,0.16803916255781956
PC175,NFX1,-0.13723425152621557
PC175,LAMA3,-0.12970108236776282
PC175,CENPBD2P,-0.12330328317813496
PC175,DCXR,0.12159018333036162
PC175,PNLIPRP2,0.11864504886728322
PC175,DIO2,-0.11829760831328116
PC175,ZNF814,0.113906090272859
PC175,SDF2,0.11298032068357683
PC175,KANK1,-0.11254192624053905
PC176,CENPBD2P,0.13614721240250138
PC176,SPC25,0.13543946020108172
PC176,TLR5,0.13377938359073485
PC176,SDF2,-0.13008157664437295
PC176,SZRD1,-0.12675424499478322
PC176,F8,0.12662566823084712
PC176,HIP1,0.12075792202227799
PC176,TRIM29,0.11882187424489367
PC176,PIP4K2B,-0.1166366219323037
PC176,CCND1,-0.11634216100974244
PC177,PER2,0.149531298952344
PC177,NFKBIE,-0.14008376025400346
PC177,RAB33B,-0.13843785629220298
PC177,FRMD1,0.1362348609366839
PC177,ZNF225,0.12923864991815906
PC177,H3C7,0.1282506228526259
PC177,CNN1,0.12795641297037874
PC177,IL10RB,0.12285292381654297
PC177,POLR1G,-0.11989555197649901
PC177,TSPAN2,-0.1169768558461347
PC178,TLR5,0.17949905892501172
PC178,TSPAN15,0.1568732589020523
PC178,MGP,0.13891281017992863
PC178,TMEM255A,-0.13230437186668478
PC178,F8,-0.12690622592583364
PC178,SOSTDC1,0.12657716265555807
PC178,B4GALT7,0.12241026368444632
PC178,CX3CL1,-0.11933675067515592
PC178,SULT1A1,-0.11339497545044441
PC178,CHI3L1,0.11067353010995756
PC179,PEX6,0.15593927459839593
PC179,WDR76,0.1553663615067916
PC179,ZMYND11,-0.15382203648390608
PC179,RPLP2P1,-0.1521111593082689
PC179,COL4A5,0.14169223000699027
PC179,MIR622,0.12928119874442215
PC179,ARAP2,-0.12461705858561628
PC179,NFKBIE,-0.12039748972751828
PC179,CHRNA9,0.11989430461440492
PC179,H4C13,0.1179241126450599
PC180,ZMYND11,0.14697424366067707
PC180,CSTPP1,0.14183693174373488
PC180,CLCA2,-0.14067800806788977
PC180,OCRL,-0.13793746921806713
PC180,BTG2,-0.1286539568179101
PC180,EAF2,0.12725607153994745
PC180,GALNT3,0.12532422953734706
PC180,MIR622,-0.1179134805538455
PC180,CPT1A,0.11737841070830247
PC180,ZNF280B,0.11473762891985702
PC181,MAB21L4,0.1727856353892374
PC181,DCTN6,-0.13369698884868955
PC181,AAGAB,-0.13337133859585792
PC181,PADI2,-0.13288018112088618
PC181,DDO,0.12639146827161016
PC181,GLDC,0.1194519834794211
PC181,STAT6,-0.11814634846799449
PC181,MPPED2,-0.11639119501338865
PC181,PARM1,0.11412312367026026
PC181,SCUBE2,-0.11216724421380865
PC182,CHI3L1,0.17247945742341347
PC182,ANXA3,0.15291247120402687
PC182,STK26,0.1453426755958875
PC182,DRG2,0.12859024095243526
PC182,STYXL1,0.12741904250131209
PC182,DDO,-0.12423034462367696
PC182,IFT56,-0.12008153037767164
PC182,MTHFD2,-0.11677998080583545
PC182,LZTS3,-0.11527816214729852
PC182,SERTAD3,0.11093332885394344
PC183,NDRG1,0.14666256987009388
PC183,ABCF1,-0.14655744415963745
PC183,QRSL1,0.12893704442579934
PC183,SMCO4,-0.12605343076206332
PC183,MPPED2,-0.12401103194824192
PC183,CALML5,0.1236345997118823
PC183,EIF4E2,-0.1217375710720382
PC183,VIP,-0.11730702400827356
PC183,MRPS30,0.11218712546725253
PC183,TNS2,-0.11178270326810524
PC184,NDRG1,0.14729813002073236
PC184,NFX1,-0.13606028872225973
PC184,KIT,-0.133819093308863
PC184,SDS,0.13122558723304806
PC184,MIPEP,-0.12798185702192608
PC184,SPAG1,-0.12646491006516722
PC184,DCAF10,0.12392946071239654
PC184,IDI1,-0.12038527758259517
PC184,SLC12A7,-0.11999208602947654
PC184,PITPNC1,0.11855115640891187
PC185,NARF,0.14699341334209198
PC185,PER2,0.13748363735759417
PC185,COA4,-0.13682800547260968
PC185,SYNE1,0.12441080967660904
PC185,WBP11,0.12156114888349515
PC185,ARAP2,-0.11769808559085179
PC185,LDOC1,-0.11690679602135232
PC185,TCEAL1,-0.11679940828803102
PC185,ESR1,0.10971156167489313
PC185,ELF5,-0.10715992337692876
PC186,PALB2,0.15174718875255166
PC186,ZNF225,-0.14717656711457827
PC186,PLXNB1,-0.14203320722062696
PC186,TLR5,0.13502486082080156
PC186,ZC3H7A,-0.13195550947537749
PC186,OSER1,-0.12859116771603266
PC186,MTHFD2,-0.11466552843895651
PC186,GALR2,0.11200643103286959
PC186,CHI3L1,0.11186819956258075
PC186,ACOT9,0.10877447215294296
PC187,STK17A,0.15068007912638282
PC187,CLCA2,-0.1479661017245813
PC187,MCCC2,-0.14556807590745235
PC187,SMAD3,-0.1444119388934088
PC187,HEATR6,-0.13392725822086696
PC187,SPC25,-0.1271189103262971
PC187,LETM1,-0.1243424369639303
PC187,GALNT7,-0.12132405273090686
PC187,XYLT2,0.11829939213996932
PC187,GNA15,0.11601477749914013
PC188,TP53I3,0.1432185876505632
PC188,LYZ,-0.1216092075033562
PC188,PLEKHF1,-0.12148013500951159
PC188,PIP4K2B,-0.12146468970330694
PC188,SPC25,-0.1201319198429394
PC188,CARS1,-0.11835895559347444
PC188,NCOR1,0.11808173058350874
PC188,ADIPOR2,-0.11504541034381097
PC188,GSN,-0.11453851299062803
PC188,XK,-0.11442642613266507
PC189,ZNF225,0.158733883216516
PC189,XK,-0.13318295480000655
PC189,HIP1,0.13165374453779632
PC189,PARM1,0.1300431845096207
PC189,TFPI,-0.1279958384479344
PC189,EXO1,-0.12685402483008176
PC189,SFRP1,0.12450528083844137
PC189,RABEP1,-0.1240068587355193
PC189,TRPA1,-0.12375287710458609
PC189,DHFR,-0.12295562412999858
PC190,CX3CL1,0.157147353807902
PC190,PTGES,-0.14003458305583424
PC190,GPHN,-0.13746915606786198
PC190,FAM53C,-0.13162866587459135
PC190,FCGRT,0.12882469944524183
PC190,TSPAN31,-0.12597229700201978
PC190,NFX1,0.1245037452922208
PC190,RAPGEF6,0.11711286410523279
PC190,PLEKHF1,0.11554622189187211
PC190,NPY1R,0.1149525224336464
PC191,RORC,0.1897757601964406
PC191,BTD,0.1598979523540784
PC191,ABCF1,0.15285316594508633
PC191,PLEKHF1,-0.1520619547061169
PC191,TPBG,-0.14346416591466304
PC191,F2RL1,0.13848314543461152
PC191,HIP1,0.12873953189070309
PC191,TENM1,-0.11981788426445586
PC191,ZNF3,-0.11741208172753911
PC191,CRIP1,0.1165524723859518
PC192,GRHPR,0.18217594041659982
PC192,TNKS,-0.15174392929264677
PC192,MTRR,0.14933515415922716
PC192,ADIPOR2,0.14524086756477633
PC192,MPPED2,0.14122285846596694
PC192,TBC1D31,-0.13685710455566255
PC192,SLC20A1,-0.123102948243316
PC192,VIP,0.11981508677187389
PC192,PPARD,-0.11747649029626296
PC192,COL4A5,0.11454955378131493
PC193,CLCNKB,0.18012895671610613
PC193,VIP,-0.12542182674340396
PC193,PARD3,-0.12498272864865703
PC193,ATP13A1,0.12359305916263036
PC193,CREM,0.12347497874257583
PC193,COA4,0.11373007385852948
PC193,TRIB2,0.11343641641349021
PC193,SERPINB5,-0.11088390854591584
PC193,SLC20A1,-0.1095737352719283
PC193,PIM2,-0.108871789234355
PC194,EXO1,0.15754248784461886
PC194,PIM2,-0.1361139763315214
PC194,IGFBP4,-0.12865841540363762
PC194,GAMT,0.12243223443732529
PC194,SLC27A3,-0.12038730824916698
PC194,C19orf73,0.11856767518175396
PC194,LAMP3,0.11623583882729024
PC194,MMP3,0.11605971410498438
PC194,NEDD9,0.1135706728173873
PC194,WBP11,-0.1125756447234115
PC195,CPT1A,0.1513878743089504
PC195,FAM53C,0.14422466178054472
PC195,DCAF10,-0.1436673812325422
PC195,STAT6,-0.1418222265034529
PC195,TFG,0.13875492353810223
PC195,CDKN2A,-0.13229070099881132
PC195,MAP3K7CL,-0.13142459570929035
PC195,SPATA31C2,-0.1285457908529164
PC195,KMO,-0.12712087724868762
PC195,FCGRT,-0.12667604624572235
PC196,LYZ,0.17128386708767604
PC196,ATG5,-0.13909456073976997
PC196,PTGES,0.13388124243339103
PC196,C19orf73,0.13277386893140095
PC196,SUMO3,-0.13244063491160982
PC196,IFNGR2,-0.11652384393250072
PC196,MYB,-0.11531694495685067
PC196,NCOR1,-0.11504970743410485
PC196,TCEAL1,0.11453941945585178
PC196,TNS2,0.113919289107339
PC197,CX3CL1,0.16691524291928997
PC197,ATP13A1,-0.14270459143350664
PC197,ACACB,0.13302620863305498
PC197,SOX11,0.12704669507481078
PC197,ZDHHC4,0.12563255448775548
PC197,PCSK7,-0.12334431710977317
PC197,RABEP1,-0.12311788227829318
PC197,MGP,-0.12214761293139216
PC197,TLR5,-0.12024029736637812
PC197,KIT,-0.11654522557195189
PC198,GALR2,0.17803288586258006
PC198,ZNF280B,0.14370254905914134
PC198,TBC1D31,-0.14198448141410286
PC198,NARF,0.14121838723923275
PC198,AP3M2,-0.1384510222844315
PC198,TNKS,0.13608243431459133
PC198,CALML5,-0.13233827541121318
PC198,CELSR2,0.12487094747586189
PC198,ARFGEF2,-0.11881844963874652
PC198,PDLIM1,0.11709632608666035
PC199,TNNT1,0.13515841263669778
PC199,MID1,0.11966582588963101
PC199,NFX1,-0.1188403742965087
PC199,POFUT2,-0.11799943050323763
PC199,EXO1,-0.11659205776851872
PC199,SERPINB5,-0.11570105604901211
PC199,LAMP3,-0.11562981630643906
PC199,TNKS,-0.11384058246507339
PC199,DHFR,0.11252887140605225
PC199,SOSTDC1,-0.10928973604185574
PC200,AKAP9,0.1471991365868028
PC200,PIP4K2B,0.14487835748356684
PC200,GABRP,-0.13561671255953217
PC200,MYBL2,-0.1344400867327648
PC200,CDHR1,-0.13029868764992414
PC200,TRPC4AP,-0.12992771868326214
PC200,NAT1,-0.12876095299866128
PC200,ARHGEF2,-0.12038355924340288
PC200,UBE2Z,-0.11637341173028326
PC200,C1orf115,0.11582321348539971
PC201,MMP3,0.16927926067286647
PC201,MYBL2,0.1589090180822866
PC201,EAF2,-0.1563638171311363
PC201,RPLP2P1,0.1337368723547909
PC201,MAP3K7CL,-0.13333279121189362
PC201,MMP1,-0.12877519512845895
PC201,HEATR6,-0.12711317389643312
PC201,MYB,-0.12505263403686703
PC201,CLCA2,0.11884233741291822
PC201,CHI3L1,0.11697289957325145
PC202,STX7,0.18571889420494464
PC202,ACOT9,0.15387601276860827
PC202,IFNGR2,0.1325281053947517
PC202,EXO1,0.12218119373107034
PC202,TFPI2,-0.12067671522011972
PC202,NOVA1,0.11966890002761875
PC202,SYNM,-0.11912158978122071
PC202,TRIM23,0.11827865023308938
PC202,PNLIPRP2,0.11225065892298099
PC202,TYMS,-0.11126669933339198
PC203,PEX6,0.16056997773026915
PC203,SLC20A1,0.13886415398238014
PC203,TNS2,0.1381420037988465
PC203,BTG2,0.13116195713133655
PC203,MAP3K7CL,0.12653660055617152
PC203,CLCNKB,-0.11673068839069656
PC203,KIT,-0.11523819394359956
PC203,SUGCT,-0.10889595213883771
PC203,DDX39A,-0.10755389478805699
PC203,SPC25,-0.10711872943652101
PC204,COQ6,0.19053756823979354
PC204,MAB21L4,0.16011450713625072
PC204,PIP4K2B,-0.14121231193729455
PC204,LZTS3,-0.14104814515524358
PC204,LAMP3,0.1380098240479136
PC204,IGFBP4,0.13540089463218064
PC204,PALB2,-0.1293664264176861
PC204,COX11,0.12752334340748203
PC204,GSN,-0.12006829236179137
PC204,AP2B1,-0.11740635167174279
PC205,TCEAL1,0.18844816686420018
PC205,VIP,0.15344177779554033
PC205,COL4A5,0.1401813114761591
PC205,MAB21L4,0.13133706466096481
PC205,CDKN2A,0.12792944768423062
PC205,FCGRT,0.1208180546980028
PC205,ANXA2P2,-0.11975165064112728
PC205,F3,0.11424778397969426
PC205,DHFR,-0.11365221250225296
PC205,NFASC,0.1130216640661971
PC206,TSPAN15,0.15652369097570812
PC206,EXO1,-0.15639358816970492
PC206,KRT14,0.13126523550640956
PC206,RTL8C,0.12992558654743475
PC206,SUGCT,-0.12705180689061285
PC206,TGIF2,-0.12455540869712138
PC206,SLAMF7,-0.12302423355320144
PC206,PPARD,0.12201534478642435
PC206,COQ6,-0.12152988321284122
PC206,RASL11B,0.11793531393299198
PC207,SYT1,0.2231256886510015
PC207,MAP3K7CL,-0.16080789343317461
PC207,WDR76,0.14987913365370056
PC207,RASA4,-0.14329584102424225
PC207,CNN1,0.1373815729615328
PC207,MGST3,-0.12937919040751217
PC207,PTN,-0.1263736030420288
PC207,IFT56,0.12402260832782395
PC207,TYMS,-0.12235479537602054
PC207,ELL3,-0.12019754003279465
PC208,GALNT10,0.16555247011100066
PC208,SNX10,-0.13134761933433062
PC208,TGIF2,0.13070833001141685
PC208,ADM,0.12982246473915296
PC208,RASAL2,0.12955578612309654
PC208,RBM38,-0.12541400300816394
PC208,RARRES1,-0.12306035106312699
PC208,H4C13,0.12200210563093054
PC208,PER2,0.11517312184917808
PC208,TNKS,0.10925714019244122
PC209,NFASC,0.13775706487382483
PC209,SDC1,0.13385212143207803
PC209,TMED9,0.1315749379558593
PC209,ZNF587,0.12707096289421146
PC209,IL10RB,0.12012301941569639
PC209,CCND1,-0.1148508784799098
PC209,SYNM,0.11441848233223355
PC209,TSPAN31,-0.11426952266760104
PC209,COL4A5,-0.11392520256076644
PC209,DRC9,-0.11343817519240128
PC210,GPR137B,0.15622166487915295
PC210,STARD7,0.1515999311784046
PC210,PPP2R1A,-0.144741081989441
PC210,NFASC,0.13854933617651805
PC210,NPY1R,0.13851794258328803
PC210,KLHDC10,-0.134682121950152
PC210,RORC,0.13425388927285753
PC210,C1orf115,0.12931883167209254
PC210,HIP1,0.12687913996157496
PC210,SCGB2A1,-0.12628588568644472
PC211,ZC3H7A,0.1622540773782054
PC211,F2RL1,0.15919109751690694
PC211,SERTAD3,-0.13780619377397796
PC211,TP53I3,0.13478005939799442
PC211,ADIPOR2,0.12148210776058088
PC211,ECM2,0.12126483306283643
PC211,GREB1,0.1199079665670235
PC211,POFUT2,0.11983238982032282
PC211,NME5,-0.11573295566107389
PC211,TRIM23,0.1132482154237103
PC212,ZMYND11,0.17671084168235057
PC212,TESMIN,-0.15127606066063443
PC212,SLAMF7,-0.14569942163850413
PC212,TNNT1,0.1327873266290503
PC212,CLCNKB,-0.12918469678978825
PC212,ASPN,-0.12299564732867244
PC212,F3,0.121899455179172
PC212,ABCG1,-0.12024002249846302
PC212,TENM1,-0.11973894317653298
PC212,FOXC1,-0.11661295222473053
PC213,IFNGR2,0.13635013579237074
PC213,MKI67,0.13125930611043185
PC213,LYZ,0.13014051165870333
PC213,ELF5,0.12940314937382852
PC213,CCND1,-0.1283847820304147
PC213,RAPGEF6,0.12709952587727488
PC213,TP53I3,0.12546253992151618
PC213,CELSR2,0.12185605549969362
PC213,RPS15,0.11088682107818068
PC213,TSPAN2,-0.11078732251532877
PC214,ATP13A1,0.17344991108128693
PC214,FAM53C,-0.17010302311123315
PC214,TSFM,0.15404044562274546
PC214,DIO2,0.13388173094580397
PC214,TMED9,0.12116840593396297
PC214,DRC9,0.12044978386771332
PC214,RTL8C,-0.11910617247819359
PC214,CPT1A,0.1167120755717606
PC214,OSER1,0.11296630102933616
PC214,GABRP,-0.11072115209750305
PC215,BTD,0.14390082432893506
PC215,ELF5,0.13819975017338165
PC215,GREB1,-0.13352837556582742
PC215,PIM2,0.12817213945654615
PC215,CX3CL1,-0.12041557711274128
PC215,ST6GAL1,-0.11953938906034714
PC215,DRG2,0.11116194742541087
PC215,MIA,-0.10962904441271851
PC215,SCUBE2,0.10958171445389422
PC215,PADI2,-0.10678027039243798
PC216,RAB33B,0.16626315647698703
PC216,IFT56,-0.16559944323584452
PC216,RXRG,0.16089754119648325
PC216,COQ3,0.1543188464067209
PC216,CLCNKB,-0.13661286363501826
PC216,NFX1,0.13317248861078002
PC216,ATP1B3,-0.1201800891322437
PC216,ZNF350,0.11862961846018621
PC216,ELL3,-0.11608107343825425
PC216,MATN2,0.11249139916665421
PC217,MIPEP,0.17011877074382736
PC217,SLC29A2,0.12434426364630496
PC217,ELF5,0.12224093913481501
PC217,AAGAB,-0.12169535230934413
PC217,LYPD1,0.12131588093710707
PC217,ZMYND11,0.11635594187458435
PC217,AP2B1,-0.11522130991677515
PC217,H3C3,-0.11131519985974364
PC217,FRMD1,-0.11120700210981943
PC217,GAK,0.11070153216345985
PC218,MMP3,0.13065172957662485
PC218,SLC29A2,-0.12923452016571602
PC218,CLSTN1,-0.12773997877553914
PC218,MIR622,-0.12572131506550221
PC218,PFKP,0.1238622060336079
PC218,TBX10,0.12319959141584834
PC218,RETSAT,0.1208558970852396
PC218,SLC27A5,0.12048287370031681
PC218,ALG8,0.11549746384337053
PC218,GALNT10,0.11403001371659341
PC219,CENPU,0.13958141213530817
PC219,ACACB,-0.12755640878408217
PC219,TDO2,-0.12398756782246696
PC219,PIP4K2B,0.11762467565799459
PC219,MCM5,-0.11700015744202646
PC219,PEX6,0.11396546265719289
PC219,DCXR,-0.11113051996864547
PC219,SERPINA3,-0.10678909343692658
PC219,KLHDC10,0.1066844344147173
PC219,PLAT,-0.10338848765397991
PC220,KRT7,0.13420886377223853
PC220,TGIF2,-0.1277805702862797
PC220,HMGA1,-0.1276332329771487
PC220,RETSAT,-0.12534697538331002
PC220,XK,0.11966558820805318
PC220,GAMT,-0.11950363352516301
PC220,ADCY1,0.11718975091969178
PC220,GREB1,0.11678947617404553
PC220,ACTR3B,0.11469313761277473
PC220,MGST3,0.11096286727920834
PC221,MINDY1,0.19126644280622823
PC221,PTPN1,0.15437254482014845
PC221,ASPN,-0.14865531414729471
PC221,SPTLC2,0.14319601088853848
PC221,POFUT2,0.1365044067267825
PC221,MRPS30,-0.12448780254653163
PC221,SDS,0.12350277292533075
PC221,CHI3L1,-0.11610784663882007
PC221,LAMP3,-0.11241046468357432
PC221,STX7,-0.11220082169588629
PC222,CSTPP1,0.1382295193674376
PC222,NIN,-0.1382100806022698
PC222,RAB33B,-0.13676497732989606
PC222,SCUBE2,0.1228665230709275
PC222,COA3,0.12285741122254376
PC222,TLR5,-0.12031618149763929
PC222,SPAG1,0.11896446758310213
PC222,TRIM23,-0.11595001932938913
PC222,REXO5,-0.11545259543857193
PC222,PIM2,-0.11510566356957741
PC223,NAT1,0.16363651194653794
PC223,DHFR,-0.14066412395194444
PC223,BCL2,0.138871702909054
PC223,ACOT9,0.13605719866834237
PC223,CTSB,0.13300692789100937
PC223,GAK,0.13169056313147542
PC223,KRT7,-0.12618492585987096
PC223,PTTG1,0.12566371666703485
PC223,LYPD1,-0.12443466017137132
PC223,MIR622,0.12206528570953115
PC224,GFRA1,0.16206177971492297
PC224,ACOT9,0.12717187037957572
PC224,PTGES,0.1265398743696343
PC224,DCAF10,-0.1199153294132366
PC224,RXRG,0.11685423562486763
PC224,HECA,-0.11484933064103764
PC224,FRMD1,0.11079229811610511
PC224,SULT1A1,-0.11007879194368485
PC224,NDRG1,-0.10630353992538324
PC224,LYZ,0.10576182281520788
PC225,PER2,0.1530741718995102
PC225,ZNF362,0.14549430657359824
PC225,SCPEP1,0.14376352395729625
PC225,TYMS,0.12741808567610885
PC225,DEK,-0.12702138579838107
PC225,TP53TG1,-0.12551802067221407
PC225,CLSTN1,0.12496692377355231
PC225,TTLL7,-0.12453669087109187
PC225,SMCO4,-0.12334408825645629
PC225,GABRP,-0.12028499434694524
PC226,NCOR1,0.16023825122707694
PC226,PDLIM1,0.1376323814547114
PC226,LRRC59,-0.13617204016139398
PC226,PGAM1,-0.13380812694482994
PC226,SERTAD3,0.13156842793772386
PC226,CLCA2,-0.12682530210827667
PC226,SYNM,-0.12365871334782438
PC226,GALT,-0.12056789773832251
PC226,TRPC4AP,0.11731157247997691
PC226,UBE2Z,-0.11429336529171295
PC227,EXO1,0.12824157003177883
PC227,PNLIPRP2,-0.12815595323954926
PC227,SOX11,0.11985814789113436
PC227,RACGAP1,-0.11675400343591937
PC227,ARFGEF2,-0.11631295012741127
PC227,MID1,0.1141350815898713
PC227,MIR622,0.11314070314438995
PC227,ANXA3,-0.11100451794136387
PC227,ELMO2,-0.11039654890993798
PC227,COX11,-0.1102244492297192
PC228,MED1,0.13997916570256538
PC228,PIP4K2B,0.13076601590492654
PC228,KRT37,-0.12528397300577188
PC228,EXO1,-0.12475427126254542
PC228,NME1,-0.12430254877856536
PC228,CEP43,-0.11963496254248672
PC228,MINDY1,-0.1193114308370047
PC228,SMCO4,-0.11275369006462435
PC228,PIGO,-0.11071054355249217
PC228,BIRC5,0.10622799159311536
PC229,ABCG1,0.15016381835400183
PC229,SRPK3,0.14590246272536078
PC229,ADM,0.13623455821249486
PC229,CX3CL1,0.13220338069368479
PC229,TPBG,-0.12382545533718205
PC229,PIM2,0.12065055513466368
PC229,PABPC3,0.11502774120148165
PC229,DPAGT1,-0.11422686972145282
PC229,MAB21L4,0.10787785475075876
PC229,PPARD,-0.10771602955188463
PC230,RASAL2,0.17354892696868027
PC230,NIN,-0.1228540353720288
PC230,SCPEP1,-0.12067643901163533
PC230,BCL2,0.11551522254143172
PC230,MIPEP,-0.11533441744472239
PC230,ANXA2P2,-0.11198606267831948
PC230,AKAP9,-0.1104069484989377
PC230,POFUT2,-0.10838118768741056
PC230,LYZ,0.10570514575335661
PC230,STYXL1,0.10488296450452987
PC231,XK,0.1550199654714232
PC231,FOXC1,-0.15077710146326317
PC231,KLHDC10,-0.1417399400947813
PC231,SOSTDC1,0.13826547823105134
PC231,BTG2,-0.12885564235079677
PC231,MID1,-0.12507248433429305
PC231,BRINP2,-0.12198676902219563
PC231,DRG2,-0.12178994856245974
PC231,HMGA1,0.11843918390388994
PC231,TCEAL1,0.11729161852048835
PC232,CEP43,0.14045396431934912
PC232,NARF,0.13343688125522932
PC232,GREB1,-0.13301415645021591
PC232,SLAMF7,0.13078131024864456
PC232,TSPAN2,0.1290454042687929
PC232,STK26,0.12701090971830345
PC232,RPLP2P1,-0.12028503038192098
PC232,ZNF814,-0.11383447251853136
PC232,FADS2,0.11345771537727599
PC232,MOCS2,-0.1114497714705081
PC233,ADCY1,0.18301250845393982
PC233,TESMIN,0.16473625742292522
PC233,SERPINB5,0.16398165112456153
PC233,SLC39A8,-0.12626024014513712
PC233,PTGES,0.1249554622067836
PC233,AKAP9,-0.12335669224753724
PC233,FADS2,-0.11518362132081691
PC233,IDI1,0.10726895961655225
PC233,MAGED2,-0.10680228722756127
PC233,ZNF814,-0.10650231178362007
PC234,KLHL29,0.15963088941092207
PC234,MINDY3,0.1458403505637128
PC234,NCOR1,-0.14042715719888607
PC234,RABEP1,0.1395923601083151
PC234,SFRP1,0.12404047214521624
PC234,SNRPG,-0.12309697420751355
PC234,RBM38,0.11804393895594245
PC234,GAK,-0.11801201324191901
PC234,WBP11,0.11636414958759757
PC234,FOXC1,0.1161753769623561
PC235,CLSTN1,0.16398856677723606
PC235,POLR1G,-0.1556417457799648
PC235,PADI2,-0.15383934178533756
PC235,DHFR,0.14429051852161334
PC235,NOVA1,0.1329123538272171
PC235,MYBL2,-0.1325826394887258
PC235,ZDHHC4,0.120807062918484
PC235,CHI3L1,-0.1201195858364877
PC235,ACOT9,-0.11920635803804748
PC235,RXRG,0.11772227193766517
PC236,ZNF350,0.18205816503904867
PC236,MID1,0.15607223164992506
PC236,BTG2,-0.1398167373914338
PC236,CDHR1,-0.13819426916898403
PC236,B4GALT7,-0.13731844542517638
PC236,SDS,0.134037080621982
PC236,MGST3,0.12382873891955014
PC236,ELL3,0.12290935503624714
PC236,SERPINA3,0.1163193075289369
PC236,EIF4E2,0.11002512423463409
PC237,CX3CL1,0.16355260479426012
PC237,PALB2,0.15911910388871037
PC237,ZNF280B,-0.14411016233916002
PC237,ACOT9,-0.13051307363084058
PC237,PLXNB1,0.13010619110061747
PC237,CENPU,-0.11914380709142791
PC237,MGST3,0.11644774992248796
PC237,SUMO3,0.11505059455710595
PC237,ZNF362,0.11478566523245075
PC237,FRMD1,-0.11377404208995753
PC238,ARL4A,0.15832269244122432
PC238,GPR137B,-0.13800355866507236
PC238,TSPAN31,0.1354301384147943
PC238,F2RL1,-0.13324736650519914
PC238,STAT6,0.1328683096442485
PC238,KLHL29,0.13278102657002266
PC238,DDX39A,-0.12560156924751648
PC238,ZDHHC4,-0.11907775603303072
PC238,CLCNKB,-0.1175420105424548
PC238,PABPC3,-0.11575747582881377
PC239,CLCA2,0.14245368422896243
PC239,STYXL1,0.1398334959493142
PC239,NFASC,0.13290330222963206
PC239,TTLL7,-0.1325691559261496
PC239,LYPD1,0.1270935723926569
PC239,PSMB1,-0.11689760033938335
PC239,LYZ,-0.11408886899782762
PC239,SYNM,-0.11109426027568481
PC239,MPC1,0.11050549619296308
PC239,NCAM2,-0.10842503353362794
PC240,FOXC1,0.15507491455997752
PC240,DCXR,-0.14677337823973327
PC240,MTRR,-0.1399582063959326
PC240,PABPC3,-0.13306704130928868
PC240,TP53I3,-0.13113890038905424
PC240,CCND1,-0.13064658996636905
PC240,PHF2,0.12781386924187096
PC240,ZNF362,-0.12252452810865692
PC240,SDC1,0.11224085693849987
PC240,SLC20A1,-0.11194451157344977
PC241,MAGED2,0.20368756699565221
PC241,NCAM2,-0.14463986505865387
PC241,ABCF1,-0.13792736704737782
PC241,COL4A5,0.12772516422859526
PC241,CSTB,0.12740446101603756
PC241,PEX6,-0.12339371179089824
PC241,MZF1,-0.12237753628336939
PC241,SYNE1,-0.11972865022373834
PC241,RTL8C,-0.11859095262121101
PC241,DHFR,0.11649208527005955
PC242,SERPINB5,0.15405276333546136
PC242,H3C3,-0.15091628041002675
PC242,PER2,-0.141315381134868
PC242,SCGB2A2,-0.13545069050978295
PC242,PARD3,0.12707004007956224
PC242,RXRG,-0.12275581820303431
PC242,KCNS3,-0.1214751175922566
PC242,TYMS,-0.11912983871371237
PC242,SLC29A2,-0.11628500789298349
PC242,CNNM4,0.11454073554083588
PC243,KANK1,0.17006417202634713
PC243,MZF1,-0.15628725415806047
PC243,ZNF362,-0.14740963700587417
PC243,MPC1,-0.13923416191613713
PC243,MGP,-0.1368318596503647
PC243,PLAT,0.13228941895942425
PC243,SPTLC2,0.1288453732277369
PC243,COL4A5,0.12875471063130328
PC243,EPHX3,-0.11986412889372282
PC243,ABCG1,-0.11812064680192463
PC244,PFKP,0.1649334291816173
PC244,TNKS,0.14359557601905176
PC244,SDC1,-0.1413634277933732
PC244,ELL3,0.13746553208873802
PC244,PIGO,-0.12599699997587535
PC244,LAMP3,0.12351445126974538
PC244,FRMD1,0.12317216874225613
PC244,ALG8,0.12081236134959861
PC244,TTLL4,0.11484436795370072
PC244,ARAP2,-0.11331094597783262
PC245,RAPGEF6,0.15622000158666902
PC245,DUSP10,0.15431021666833097
PC245,NOVA1,-0.14867667331657075
PC245,ALG8,0.13327577679064895
PC245,IL10RB,-0.12574086803041165
PC245,JPT1,0.125437033778612
PC245,SNX10,0.12182131060439552
PC245,DRC9,0.12168869021407445
PC245,NPY1R,0.11838093528156948
PC245,SERTAD3,-0.11754197975653786
PC246,RTL8C,0.16268686888615358
PC246,OCRL,-0.15045735402386817
PC246,MIR622,0.1386638856233426
PC246,LETM1,-0.12526558944201968
PC246,NFKBIE,0.1180783745277775
PC246,CRIP2,-0.11062653191541824
PC246,RPLP2P1,-0.11056698475855446
PC246,FCGRT,-0.11002212630253465
PC246,MRPS7,-0.10992680343783261
PC246,GALT,-0.10690689534824302
PC247,PFKP,0.16174152554159793
PC247,TCEAL1,-0.13751097296620235
PC247,FADS2,0.13269257292335848
PC247,LYZ,0.13265794323223967
PC247,SDC1,0.12829608719622373
PC247,IL6ST,0.12664635756277287
PC247,REXO5,-0.12649352854771498
PC247,MKI67,-0.12644685226206853
PC247,PNLIPRP2,0.11925830869237583
PC247,SYNE1,-0.11815310405025874
PC248,PIP4K2B,0.13005787655330156
PC248,SCUBE2,-0.12727107364221601
PC248,SHOC2,0.1227633903573603
PC248,SDF2,0.11989745145007925
PC248,P2RY2,0.11844858912464354
PC248,DDX39A,-0.11673672234003207
PC248,PGAM1,-0.11454794631589833
PC248,LYZ,-0.11441526016154446
PC248,SLC27A5,-0.11214843152967154
PC248,RPL23A,-0.11079838585138344
PC249,LETM1,0.16079507680744606
PC249,NCOR1,0.14358898977298015
PC249,SDC1,-0.13772669191454243
PC249,JPT1,0.12369423015509955
PC249,MINDY1,-0.12350368368301878
PC249,MYBL2,0.12169903128285192
PC249,COX11,-0.11355519444408385
PC249,EAF2,0.11331739782237961
PC249,DCTN6,0.1126863536426452
PC249,ST6GAL1,-0.10844792161556957
PC250,SDC1,0.15233123935711612
PC250,ATP1B3,-0.1461883673049116
PC250,IGFBP4,0.14593747419285055
PC250,STARD7,-0.1396445645356139
PC250,NME5,0.13381237236793175
PC250,SMCO4,0.13312383322809404
PC250,SYT1,0.12740151752570605
PC250,ZNF280B,0.11971317536094417
PC250,HECA,-0.11802241962396207
PC250,RAPGEF6,0.11468515806394457
PC251,ANXA3,0.18669445331661924
PC251,MED1,-0.14972996820149825
PC251,SERPINB5,-0.13200555573358622
PC251,EIF4E2,0.1272402446592746
PC251,DRC9,-0.12004382367302015
PC251,CTSB,0.11789635813904666
PC251,SLC27A3,0.11305188329077706
PC251,ZMYND11,-0.11289843055688255
PC251,SMAD3,0.11209024960890329
PC251,ZNF3,0.1120214033211599
PC252,KLHDC10,0.14100455482101704
PC252,CEP43,0.13858911683848674
PC252,MGST3,0.1317112474393226
PC252,STK17A,0.12624338952464928
PC252,MTRR,-0.1261432056930864
PC252,TSFM,0.12581367431924373
PC252,COQ3,-0.12168809906921081
PC252,GABRP,-0.11180462429650431
PC252,SLAMF7,0.11093677225804813
PC252,DRC9,0.11042832738956378
PC253,TCEAL1,0.15124616123123882
PC253,IKBKE,0.14079979194224754
PC253,KRT18,0.14033920443673958
PC253,RXRG,-0.1231810441200664
PC253,ZNF3,-0.1195342670208181
PC253,B4GALT7,-0.11816362017858283
PC253,TRPC4AP,0.11799957355540573
PC253,ACTR3B,-0.1170084869956583
PC253,MZF1,0.11679771207457708
PC253,WBP11,0.11466356639165269
PC254,KRT17,0.16280318163379387
PC254,ZNF350,0.12550086415989628
PC254,GAK,0.1248512532766212
PC254,GALNT10,-0.123469488011879
PC254,NUSAP1,0.12144109496237177
PC254,GRHPR,-0.11950806528801879
PC254,NFX1,0.11862913295534379
PC254,PABPC3,0.11336335431572428
PC254,MTHFD2,-0.10996699131486645
PC254,COX11,-0.10838595446549497
PC255,GALT,0.14946393728861979
PC255,MMP1,0.13509052491588677
PC255,IL20RA,0.12363504069607564
PC255,RXRG,-0.12321192417403386
PC255,PIM2,-0.12317446865472956
PC255,SMCO4,-0.11805199484739971
PC255,SDC1,-0.1168497835090654
PC255,F2RL1,-0.11446761447146511
PC255,CLCNKB,0.11369476525713546
PC255,SERPINA3,0.11239321213056244
PC256,TYMS,0.14087535667554804
PC256,ARAP2,-0.13792952644440007
PC256,MGST3,-0.1368574218812207
PC256,C19orf73,-0.13016039009507369
PC256,BCL2,0.12885249944708382
PC256,TTLL4,0.12610574171573566
PC256,RETSAT,-0.1254595337702689
PC256,IL10RB,-0.1250284056249734
PC256,TNNT1,0.12481974421556544
PC256,BTG2,-0.1234053271988664
PC257,POFUT2,0.18372999140708035
PC257,NCAPG,-0.13555381278395282
PC257,TRIM29,0.13537713438513665
PC257,GALNT10,0.1267633645575835
PC257,ZNF814,-0.12349193733277046
PC257,STK26,-0.12173895801618283
PC257,IDI1,-0.11694348966685178
PC257,GAMT,0.11655644193029119
PC257,PLAT,-0.11616167501185323
PC257,DIO2,0.11597678781563392
PC258,BLTP2,0.19608041551976155
PC258,MCM5,-0.15223818713775036
PC258,CENPBD2P,-0.1513523986569711
PC258,EXO1,0.13542460967346823
PC258,CLSTN1,0.13193401033544971
PC258,MZF1,0.13098431209869152
PC258,PLXNB1,-0.12809312032378548
PC258,COX11,-0.1252851366205478
PC258,F8,0.1226572234301968
PC258,DCXR,-0.11863342507198837
PC259,SUGCT,0.16407982203583352
PC259,ZNF280B,0.13621908292022977
PC259,NFKBIE,0.13258908021981167
PC259,CLCNKB,-0.13197269719814123
PC259,SLC29A2,-0.12538692902618387
PC259,TNS2,-0.12187421290853656
PC259,LZTS3,0.11871689269752897
PC259,CA12,-0.11738560333539615
PC259,SOX13,0.11637355199467146
PC259,PDP1,-0.11361411541270679
PC260,ESPL1,0.1667661859927899
PC260,STAT6,-0.15142381547110706
PC260,OSER1,-0.1467885313729243
PC260,STARD3,-0.13679471319599268
PC260,SNRPG,-0.13325063577573146
PC260,CZIB,0.13135849440973613
PC260,STK26,0.12963634321568457
PC260,IFNGR2,0.12123104184251114
PC260,KCNN4,0.12032302509506818
PC260,COX11,-0.11539228398077613
PC261,STK17A,0.20156738396301174
PC261,GRB2,-0.1698114949223659
PC261,ZNF587,0.16475266309944075
PC261,ASPN,0.15693742733674412
PC261,EXO1,-0.14882342299228873
PC261,AGR2,-0.14207515036276885
PC261,CALML5,-0.13821514464616716
PC261,FIG4,0.1339831290093388
PC261,CREB3,0.12705659795940477
PC261,TIMP2,-0.1266225190330889
PC262,CEACAM6,0.13207569906368835
PC262,TYMS,0.1288617841130489
PC262,STYXL1,-0.12756277828282256
PC262,DCAF10,0.12679786973087814
PC262,HMGA1,-0.12043572672607142
PC262,PABPC3,0.12028242874134765
PC262,SYNM,-0.11986379466738803
PC262,PCSK7,-0.11686360458260776
PC262,COA3,-0.11326907678764987
PC262,KIT,0.11312739385163693
PC263,POLR1G,0.1499512761757061
PC263,PPARD,0.14870737389993952
PC263,RBM38,0.14696404104470484
PC263,SFRP1,-0.14341341767773105
PC263,HIP1,-0.14194277991631868
PC263,ZDHHC4,-0.14128038086487615
PC263,NOVA1,-0.13822741723929285
PC263,HECA,0.1242850361238626
PC263,OSER1,-0.12320377854224975
PC263,CREB3,0.11496762909670395
PC264,TBX10,0.1516109798815307
PC264,TSPAN31,-0.15102498876515025
PC264,KCNS3,-0.14906311093391333
PC264,MAGED2,-0.14636974598067665
PC264,SOX9,0.1452625240107651
PC264,F2RL1,-0.1444695840790496
PC264,RXRG,0.13614607035992002
PC264,LZTS3,0.12528240418812112
PC264,PGAM1,0.12078957380488436
PC264,ST6GAL1,-0.11361620915915366
PC265,ATP1B3,0.19592406645802188
PC265,ZNF362,0.13218187626011835
PC265,SDC1,-0.13106891540580806
PC265,F3,0.128415879009535
PC265,MTHFD2,-0.12623940025960334
PC265,LAMA3,-0.12515813766687175
PC265,MYBL2,0.11539845046693953
PC265,F8,0.11281352846475168
PC265,WDR76,-0.11121121457489758
PC265,FGB,0.11112401222732998
PC266,CCND1,0.16541086680462735
PC266,LAMP3,0.15723909395878255
PC266,GALNT3,0.12812898783064916
PC266,CCNB2,-0.12083910633470693
PC266,SERPINA3,-0.12074570505319265
PC266,CNNM4,0.12027906933312943
PC266,FCGRT,0.11584627365000383
PC266,NFKBIE,0.11145547087573258
PC266,DIO2,0.10942129853531135
PC266,AAGAB,-0.10913466287437185
PC267,SOX9,0.17367481271137436
PC267,ATP1B3,-0.17151144006759395
PC267,OSER1,0.14261272816840814
PC267,NARF,-0.13794163469651657
PC267,TK1,0.12279714884800019
PC267,GPHN,0.11482990246401514
PC267,GALNT3,-0.11213455863408547
PC267,BLTP2,-0.10895846228070452
PC267,GALNT10,0.10683728209242593
PC267,CDKN2A,-0.10478932415609624
PC268,ARHGEF2,0.16055923789302046
PC268,NAT1,-0.1385474198769069
PC268,RABEP1,-0.13699716080476482
PC268,TFPI,-0.13144762828017026
PC268,BTD,-0.12837801146825814
PC268,ACOT9,0.12817629010864331
PC268,GABRP,-0.12506657677378763
PC268,TDO2,0.12423486707622042
PC268,SCGB2A2,0.12142968415948074
PC268,PARD3,0.12076300656149352
PC269,KRT14,0.14614971761102066
PC269,CENPU,-0.13186678000214694
PC269,HEATR6,-0.12845907201502496
PC269,SERPINA3,0.12300387253962625
PC269,ACACB,-0.12155244552969015
PC269,NCAPG,-0.12043655747587038
PC269,REXO5,0.12026174802966122
PC269,RASAL2,0.11782502164548961
PC269,EAF2,0.11681206890995928
PC269,LAMA3,-0.11470567700184058
PC270,CCND1,0.15023077037129978
PC270,RORC,-0.12785761770002543
PC270,ZNF225,-0.12576910327443977
PC270,CENPU,-0.12371921405992849
PC270,CDC20,0.11883819179787757
PC270,MIR622,-0.11514831812841536
PC270,CNN1,-0.1109656417829017
PC270,KRT14,-0.11082578448552288
PC270,TMED9,-0.11028093237785933
PC270,OCRL,0.10979643982499145
PC271,NDRG1,0.1873653649265769
PC271,MCM5,-0.15428990883392874
PC271,PIM2,0.14482785301903836
PC271,TPBG,-0.133266131938289
PC271,AAGAB,0.13153849058588046
PC271,CELSR2,-0.12950137463472686
PC271,FIG4,-0.1293226759353357
PC271,DRC9,-0.12711584854302438
PC271,ADM,-0.12341791187343684
PC271,TBC1D31,-0.11399711846835454
PC272,CCNB2,0.16811811766582274
PC272,SCUBE2,-0.16645512420937678
PC272,EIF4E2,0.13785721443443877
PC272,BIRC5,0.13755558538525908
PC272,B4GALT7,-0.13708410737921164
PC272,DUSP10,-0.136113547432487
PC272,MTHFD2,0.11969899335928844
PC272,CCNB1,-0.1171502025187849
PC272,FIG4,-0.11617463252234596
PC272,SMCO4,-0.11316855290524708
PC273,JPT1,0.1676401572129473
PC273,ZMYND8,0.15136988724257697
PC273,FER,0.14489828321076348
PC273,GAMT,-0.140597263657615
PC273,DPAGT1,-0.139267057977621
PC273,FOXC1,0.13683131990759712
PC273,EPHX3,0.12965757853469267
PC273,TESMIN,-0.12140152560384632
PC273,MIA,-0.11284628597803241
PC273,NEDD9,0.11264625060476754
PC274,CSTB,0.19378835514296466
PC274,MAGED2,-0.14571998118551222
PC274,POLG2,0.14181986413339223
PC274,SLC29A2,0.1381026025119423
PC274,LAMP3,0.12812053441940485
PC274,IDI1,-0.12646268058060922
PC274,IKBKE,-0.12232862342316445
PC274,XBP1,-0.11215479746666372
PC274,GABRP,-0.11183058816400124
PC274,MKI67,0.11061888344710072
PC275,SCPEP1,0.15236068730829663
PC275,LAMP3,-0.14883515753739918
PC275,GAMT,-0.1481946899338505
PC275,ATG5,-0.14376332843495454
PC275,CDKN2A,-0.1418335571439121
PC275,TCEAL1,0.13513527110870102
PC275,PEX6,-0.12522934804071886
PC275,PIGO,0.12457893549121593
PC275,MTHFD2,0.12352186737707281
PC275,SLC39A6,-0.12025299950237467
PC276,ADCY1,0.14428915553939625
PC276,GREB1,-0.13712388077983267
PC276,ZNF516,0.12226981426265032
PC276,TBX10,0.12210658978904664
PC276,ADM,0.12088387763305254
PC276,TP53TG1,-0.1195924150728453
PC276,HECA,-0.11787259450691698
PC276,GATA3,-0.11705956554170019
PC276,ATG5,-0.11616165211133045
PC276,EAF2,0.11538394749276601
PC277,TSPAN31,0.16849845921654924
PC277,ERBB2,0.14519977545651705
PC277,OCRL,0.14332061691712314
PC277,KIT,0.11802685306763802
PC277,PLAT,-0.1124772810564284
PC277,SUMO3,-0.11206390584783331
PC277,TNS2,0.10807689123007845
PC277,CEP55,-0.10603265416298072
PC277,EXO1,0.10418525218092045
PC277,CEACAM6,0.10263209778473038
PC278,TESMIN,0.16387136249097592
PC278,GPR137B,-0.15607841104133383
PC278,DHFR,-0.14060205140823032
PC278,TGIF2,-0.13661448101636375
PC278,ANXA2P2,-0.12831699297553228
PC278,ACTR3B,-0.1273525118156526
PC278,SOX11,0.12231847164275393
PC278,CNN1,-0.12060665988276967
PC278,ESPL1,0.11989798063509435
PC278,RASL11B,-0.11472995875704646
PC279,KRT5,0.1789705121052086
PC279,TSPAN13,-0.1455986990438794
PC279,KRT37,-0.1440402428113173
PC279,QRSL1,0.13769068715103236
PC279,TPBG,0.13355703024092722
PC279,MAGED2,0.12333772001549365
PC279,SCGB2A2,0.11907693571280964
PC279,KLHL29,0.11811321691473989
PC279,IDI1,0.11628896277113307
PC279,CTSB,-0.10595062758472437
PC280,CCNB2,0.15584616371198112
PC280,MTHFD2,0.14779224257197837
PC280,PPARD,0.14483100564670645
PC280,CLCNKB,-0.1367819178489371
PC280,MCCC2,0.13409440222487976
PC280,ACTR3B,0.12965619620147345
PC280,MRPS7,-0.12755389260623506
PC280,ZC3H7A,-0.12206500731757389
PC280,DIO2,-0.1219158506625499
PC280,TRIM23,-0.11905173988192594
PC281,CNNM4,0.1623778365250157
PC281,TSPAN31,-0.15518852580758746
PC281,SDF2,0.1462539016402491
PC281,PIP4K2B,-0.14008185498963682
PC281,UBE2C,-0.13092105756494118
PC281,ACACB,-0.12466886779797902
PC281,TYMS,0.12319936968113136
PC281,KRT18,0.11593702963666097
PC281,BTG2,-0.11585538235163048
PC281,ASPN,0.11211684836797972
PC282,NFX1,0.1545853224234543
PC282,SERTAD3,0.15332075665244677
PC282,ANXA2P2,-0.15145471767606428
PC282,PGAM1,0.14105495249766659
PC282,RBM38,-0.13306252240647246
PC282,MCM5,-0.12824591761051152
PC282,DHFR,-0.1214102809963203
PC282,ELMO2,-0.12077141947380168
PC282,RABEP1,0.1154209450687586
PC282,PLXNB1,-0.11127958853891101
PC283,TRIM29,0.17583452143982892
PC283,GSDME,-0.13828737715765804
PC283,CREB3,-0.12283017920121368
PC283,ADCY1,-0.12131911485198359
PC283,PADI2,-0.11978180278734538
PC283,NCAPG,-0.11724262933388317
PC283,BCL2,-0.11620698044393651
PC283,BIRC5,0.11515377956732004
PC283,NFKBIE,0.11167329607393853
PC283,KRT17,0.1113453541488175
